date,meta_cost_usd,meta_impressions,meta_clicks,meta_purchases,meta_conv_value,google_cost_usd,google_impressions,google_clicks,google_conversions,google_conv_value,tiktok_cost_usd,tiktok_impressions,tiktok_clicks,tiktok_conversions,ga_sessions,ga_ecom_purchases,sales_clp
2022-01-01,0.0,0.0,0.0,0.0,0.0,131.42,120745.0,1461.0,43.88,1094252.58,0.0,0.0,0.0,0.0,0.0,0.0,0.0
2022-01-02,0.0,0.0,0.0,0.0,0.0,166.36,137142.0,1843.0,53.82,1421632.53,0.0,0.0,0.0,0.0,0.0,0.0,0.0
2022-01-03,0.0,0.0,0.0,0.0,0.0,194.54,158075.0,2021.0,74.55,1959399.69,0.0,0.0,0.0,0.0,0.0,0.0,0.0
2022-01-04,0.0,0.0,0.0,0.0,0.0,124.37,84851.0,1355.0,38.12,1008534.59,0.0,0.0,0.0,0.0,0.0,0.0,0.0
2022-01-05,0.0,0.0,0.0,0.0,0.0,66.38,79679.0,1015.0,29.05,853786.36,0.0,0.0,0.0,0.0,0.0,0.0,0.0
2022-01-06,0.0,0.0,0.0,0.0,0.0,47.47,55606.0,677.0,24.8,644315.33,0.0,0.0,0.0,0.0,0.0,0.0,0.0
2022-01-07,0.0,0.0,0.0,0.0,0.0,144.84,129250.0,1296.0,38.3,1315690.37,0.0,0.0,0.0,0.0,0.0,0.0,0.0
2022-01-08,0.0,0.0,0.0,0.0,0.0,104.43,96429.0,1136.0,46.57,1390325.3,0.0,0.0,0.0,0.0,0.0,0.0,0.0
2022-01-09,0.0,0.0,0.0,0.0,0.0,151.85,125788.0,1704.0,41.77,1325023.53,0.0,0.0,0.0,0.0,0.0,0.0,0.0
2022-01-10,0.0,0.0,0.0,0.0,0.0,199.51,130614.0,1963.0,59.12,1738629.04,0.0,0.0,0.0,0.0,0.0,0.0,0.0
2022-01-11,0.0,0.0,0.0,0.0,0.0,188.08,112026.0,1794.0,70.86,1866936.88,0.0,0.0,0.0,0.0,0.0,0.0,0.0
2022-01-12,0.0,0.0,0.0,0.0,0.0,170.66,120411.0,1846.0,39.75,821139.57,0.0,0.0,0.0,0.0,0.0,0.0,0.0
2022-01-13,0.0,0.0,0.0,0.0,0.0,189.85,110648.0,1794.0,55.81,1268368.37,0.0,0.0,0.0,0.0,0.0,0.0,0.0
2022-01-14,0.0,0.0,0.0,0.0,0.0,186.24,126591.0,1449.0,42.33,1059004.86,0.0,0.0,0.0,0.0,0.0,0.0,0.0
2022-01-15,0.0,0.0,0.0,0.0,0.0,164.73,139101.0,1415.0,26.23,620640.5,0.0,0.0,0.0,0.0,0.0,0.0,0.0
2022-01-16,0.0,0.0,0.0,0.0,0.0,208.28,161557.0,1708.0,55.18,1561472.96,0.0,0.0,0.0,0.0,0.0,0.0,0.0
2022-01-17,0.0,0.0,0.0,0.0,0.0,187.95,152270.0,1603.0,42.51,1085991.69,0.0,0.0,0.0,0.0,0.0,0.0,0.0
2022-01-18,0.0,0.0,0.0,0.0,0.0,173.66,149155.0,1438.0,41.75,1061200.79,0.0,0.0,0.0,0.0,0.0,0.0,0.0
2022-01-19,0.0,0.0,0.0,0.0,0.0,124.03,107270.0,1381.0,30.64,838180.94,0.0,0.0,0.0,0.0,0.0,0.0,0.0
2022-01-20,0.0,0.0,0.0,0.0,0.0,117.23,94052.0,1296.0,35.99,1131850.49,0.0,0.0,0.0,0.0,0.0,0.0,0.0
2022-01-21,0.0,0.0,0.0,0.0,0.0,106.69,93070.0,1088.0,36.13,1048742.25,0.0,0.0,0.0,0.0,0.0,0.0,0.0
2022-01-22,0.0,0.0,0.0,0.0,0.0,99.42,73488.0,1088.0,30.62,737354.41,0.0,0.0,0.0,0.0,0.0,0.0,0.0
2022-01-23,0.0,0.0,0.0,0.0,0.0,160.19,109796.0,1515.0,35.48,995413.77,0.0,0.0,0.0,0.0,0.0,0.0,0.0
2022-01-24,0.0,0.0,0.0,0.0,0.0,121.58,77872.0,1094.0,19.28,695738.97,0.0,0.0,0.0,0.0,0.0,0.0,0.0
2022-01-25,0.0,0.0,0.0,0.0,0.0,106.11,86428.0,1194.0,39.34,940180.51,0.0,0.0,0.0,0.0,0.0,0.0,0.0
2022-01-26,0.0,0.0,0.0,0.0,0.0,137.47,111955.0,1427.0,40.18,958982.85,0.0,0.0,0.0,0.0,0.0,0.0,0.0
2022-01-27,0.0,0.0,0.0,0.0,0.0,139.81,102523.0,1302.0,58.1,1584494.83,0.0,0.0,0.0,0.0,0.0,0.0,0.0
2022-01-28,0.0,0.0,0.0,0.0,0.0,127.31,94095.0,1075.0,30.99,856828.09,0.0,0.0,0.0,0.0,0.0,0.0,0.0
2022-01-29,0.0,0.0,0.0,0.0,0.0,130.48,88884.0,1081.0,40.12,1046893.84,0.0,0.0,0.0,0.0,0.0,0.0,0.0
2022-01-30,0.0,0.0,0.0,0.0,0.0,153.05,97936.0,1308.0,42.35,1115911.0,0.0,0.0,0.0,0.0,0.0,0.0,0.0
2022-01-31,0.0,0.0,0.0,0.0,0.0,139.95,95000.0,1108.0,44.77,1083094.25,0.0,0.0,0.0,0.0,0.0,0.0,0.0
2022-02-01,0.0,0.0,0.0,0.0,0.0,137.79,121235.0,1250.0,27.62,744410.23,0.0,0.0,0.0,0.0,0.0,0.0,0.0
2022-02-02,0.0,0.0,0.0,0.0,0.0,93.88,73892.0,1035.0,18.87,456357.64,0.0,0.0,0.0,0.0,0.0,0.0,0.0
2022-02-03,0.0,0.0,0.0,0.0,0.0,81.23,65950.0,974.0,29.85,807280.95,0.0,0.0,0.0,0.0,0.0,0.0,0.0
2022-02-04,0.0,0.0,0.0,0.0,0.0,75.81,62376.0,909.0,35.99,947197.06,0.0,0.0,0.0,0.0,0.0,0.0,0.0
2022-02-05,0.0,0.0,0.0,0.0,0.0,76.86,58719.0,929.0,36.57,1116888.43,0.0,0.0,0.0,0.0,0.0,0.0,0.0
2022-02-06,0.0,0.0,0.0,0.0,0.0,8.01,3334.0,105.0,4.0,117564.76,0.0,0.0,0.0,0.0,0.0,0.0,0.0
2022-02-07,0.0,0.0,0.0,0.0,0.0,96.49,66687.0,1092.0,24.07,639349.78,0.0,0.0,0.0,0.0,0.0,0.0,0.0
2022-02-08,0.0,0.0,0.0,0.0,0.0,159.29,73404.0,1275.0,37.0,1046348.67,0.0,0.0,0.0,0.0,0.0,0.0,0.0
2022-02-09,0.0,0.0,0.0,0.0,0.0,151.9,90726.0,1410.0,41.84,1355583.67,0.0,0.0,0.0,0.0,0.0,0.0,0.0
2022-02-10,0.0,0.0,0.0,0.0,0.0,140.96,94230.0,1488.0,45.3,1007366.77,0.0,0.0,0.0,0.0,0.0,0.0,0.0
2022-02-11,0.0,0.0,0.0,0.0,0.0,146.1,95120.0,1481.0,43.29,1080835.96,0.0,0.0,0.0,0.0,0.0,0.0,0.0
2022-02-12,0.0,0.0,0.0,0.0,0.0,165.37,87484.0,1390.0,41.47,1021185.95,0.0,0.0,0.0,0.0,0.0,0.0,0.0
2022-02-13,0.0,0.0,0.0,0.0,0.0,185.72,103347.0,1615.0,54.58,1380582.55,0.0,0.0,0.0,0.0,0.0,0.0,0.0
2022-02-14,0.0,0.0,0.0,0.0,0.0,268.19,136687.0,2229.0,46.98,1121450.95,0.0,0.0,0.0,0.0,0.0,0.0,0.0
2022-02-15,0.0,0.0,0.0,0.0,0.0,364.06,171511.0,2784.0,84.82,1860803.75,0.0,0.0,0.0,0.0,0.0,0.0,0.0
2022-02-16,0.0,0.0,0.0,0.0,0.0,317.6,160401.0,2748.0,79.15,1712003.71,0.0,0.0,0.0,0.0,0.0,0.0,0.0
2022-02-17,0.0,0.0,0.0,0.0,0.0,285.56,146941.0,2468.0,58.41,1478180.45,0.0,0.0,0.0,0.0,0.0,0.0,0.0
2022-02-18,0.0,0.0,0.0,0.0,0.0,297.54,175075.0,2573.0,52.07,1150275.85,0.0,0.0,0.0,0.0,0.0,0.0,0.0
2022-02-19,0.0,0.0,0.0,0.0,0.0,281.71,165534.0,2447.0,56.15,1425375.53,0.0,0.0,0.0,0.0,0.0,0.0,0.0
2022-02-20,0.0,0.0,0.0,0.0,0.0,283.22,166337.0,2524.0,61.01,1443834.45,0.0,0.0,0.0,0.0,0.0,0.0,0.0
2022-02-21,0.0,0.0,0.0,0.0,0.0,369.8,190799.0,3036.0,62.42,1356212.51,0.0,0.0,0.0,0.0,0.0,0.0,0.0
2022-02-22,0.0,0.0,0.0,0.0,0.0,336.42,186523.0,2796.0,67.62,1867845.56,0.0,0.0,0.0,0.0,0.0,0.0,0.0
2022-02-23,0.0,0.0,0.0,0.0,0.0,305.72,176387.0,2656.0,69.89,1936378.17,0.0,0.0,0.0,0.0,0.0,0.0,0.0
2022-02-24,0.0,0.0,0.0,0.0,0.0,264.11,138714.0,2392.0,58.42,1630000.76,0.0,0.0,0.0,0.0,0.0,0.0,0.0
2022-02-25,0.0,0.0,0.0,0.0,0.0,283.45,153664.0,2320.0,52.29,1346613.94,0.0,0.0,0.0,0.0,0.0,0.0,0.0
2022-02-26,0.0,0.0,0.0,0.0,0.0,291.15,155355.0,2255.0,58.29,1890292.11,0.0,0.0,0.0,0.0,0.0,0.0,0.0
2022-02-27,0.0,0.0,0.0,0.0,0.0,298.97,165911.0,2482.0,51.95,1475064.68,0.0,0.0,0.0,0.0,0.0,0.0,0.0
2022-02-28,0.0,0.0,0.0,0.0,0.0,253.94,167337.0,2248.0,50.87,1609786.32,0.0,0.0,0.0,0.0,0.0,0.0,0.0
2022-03-01,0.0,0.0,0.0,0.0,0.0,151.96,98181.0,1349.0,28.25,671061.21,22.88,120978.0,407.0,0.0,0.0,0.0,0.0
2022-03-02,0.0,0.0,0.0,0.0,0.0,137.93,110755.0,1493.0,29.3,603642.43,13.37,62982.0,230.0,0.0,0.0,0.0,0.0
2022-03-03,0.0,0.0,0.0,0.0,0.0,117.73,98969.0,1307.0,28.06,755377.38,0.0,0.0,0.0,0.0,0.0,0.0,0.0
2022-03-04,0.0,0.0,0.0,0.0,0.0,94.96,81923.0,1166.0,22.93,594664.82,13.14,74017.0,0.0,0.0,0.0,0.0,0.0
2022-03-05,0.0,0.0,0.0,0.0,0.0,91.39,71019.0,1192.0,13.79,378107.64,0.0,0.0,0.0,0.0,0.0,0.0,0.0
2022-03-06,0.0,0.0,0.0,0.0,0.0,116.28,74543.0,1494.0,38.58,924759.3,0.0,0.0,0.0,0.0,0.0,0.0,0.0
2022-03-07,0.0,0.0,0.0,0.0,0.0,145.52,115981.0,1848.0,47.2,1135061.64,0.0,0.0,0.0,0.0,0.0,0.0,0.0
2022-03-08,0.0,0.0,0.0,0.0,0.0,226.94,185425.0,2593.0,60.35,1797309.89,0.0,0.0,0.0,0.0,0.0,0.0,0.0
2022-03-09,0.0,0.0,0.0,0.0,0.0,228.66,155010.0,2115.0,44.7,1372247.4,0.0,0.0,0.0,0.0,0.0,0.0,0.0
2022-03-10,0.0,0.0,0.0,0.0,0.0,246.36,171515.0,2106.0,51.59,1364424.0,0.0,0.0,0.0,0.0,0.0,0.0,0.0
2022-03-11,0.0,0.0,0.0,0.0,0.0,229.43,158038.0,1892.0,45.55,1086198.22,0.0,0.0,0.0,0.0,0.0,0.0,0.0
2022-03-12,0.0,0.0,0.0,0.0,0.0,240.58,175445.0,2196.0,47.67,1381932.86,0.0,0.0,0.0,0.0,0.0,0.0,0.0
2022-03-13,0.0,0.0,0.0,0.0,0.0,232.51,152323.0,2056.0,27.26,654496.33,0.0,0.0,0.0,0.0,0.0,0.0,0.0
2022-03-14,0.0,0.0,0.0,0.0,0.0,282.23,188149.0,2276.0,57.36,1463719.5,0.0,0.0,0.0,0.0,0.0,0.0,0.0
2022-03-15,0.0,0.0,0.0,0.0,0.0,342.77,204415.0,2312.0,75.33,2342641.62,0.0,0.0,0.0,0.0,0.0,0.0,0.0
2022-03-16,0.0,0.0,0.0,0.0,0.0,265.19,153920.0,2124.0,88.65,2577762.94,0.0,0.0,0.0,0.0,0.0,0.0,0.0
2022-03-17,0.0,0.0,0.0,0.0,0.0,267.4,140809.0,2005.0,65.07,2115786.86,8.43,47151.0,130.0,0.0,0.0,0.0,0.0
2022-03-18,0.0,0.0,0.0,0.0,0.0,238.02,117423.0,1647.0,55.21,1475482.29,25.77,122395.0,309.0,0.0,0.0,0.0,0.0
2022-03-19,0.0,0.0,0.0,0.0,0.0,167.53,112304.0,1761.0,42.45,1325051.6,26.62,128069.0,370.0,0.0,0.0,0.0,0.0
2022-03-20,0.0,0.0,0.0,0.0,0.0,213.36,122759.0,1907.0,40.64,1012413.51,26.28,139325.0,384.0,0.0,0.0,0.0,0.0
2022-03-21,0.0,0.0,0.0,0.0,0.0,170.27,111137.0,1630.0,45.86,1581707.75,42.46,186552.0,249.0,0.0,0.0,0.0,0.0
2022-03-22,0.0,0.0,0.0,0.0,0.0,158.34,117432.0,1725.0,37.39,1120643.54,43.71,185210.0,106.0,0.0,0.0,0.0,0.0
2022-03-23,0.0,0.0,0.0,0.0,0.0,170.73,114731.0,1727.0,30.69,1144064.59,72.56,244557.0,448.0,0.0,0.0,0.0,0.0
2022-03-24,0.0,0.0,0.0,0.0,0.0,175.31,117215.0,1719.0,53.99,1424316.45,112.32,292050.0,587.0,0.0,0.0,0.0,0.0
2022-03-25,0.0,0.0,0.0,0.0,0.0,165.19,97578.0,1395.0,42.94,1288972.2,93.33,203494.0,609.0,0.0,0.0,0.0,0.0
2022-03-26,0.0,0.0,0.0,0.0,0.0,157.41,105634.0,1555.0,22.33,1422993.26,87.61,191956.0,584.0,0.0,0.0,0.0,0.0
2022-03-27,0.0,0.0,0.0,0.0,0.0,212.31,117326.0,1943.0,48.29,1405138.89,81.33,181713.0,514.0,0.0,0.0,0.0,0.0
2022-03-28,0.0,0.0,0.0,0.0,0.0,166.13,115606.0,1639.0,36.29,954120.47,82.27,177381.0,528.0,0.0,0.0,0.0,0.0
2022-03-29,0.0,0.0,0.0,0.0,0.0,187.65,126813.0,1782.0,28.06,829663.48,78.82,171907.0,511.0,0.0,0.0,0.0,0.0
2022-03-30,0.0,0.0,0.0,0.0,0.0,273.0,162002.0,2293.0,49.66,1495974.41,74.95,131441.0,435.0,0.0,0.0,0.0,0.0
2022-03-31,0.0,0.0,0.0,0.0,0.0,359.67,183353.0,2569.0,73.36,2047406.24,0.0,0.0,0.0,0.0,0.0,0.0,0.0
2022-04-01,0.0,0.0,0.0,0.0,0.0,327.7,222116.0,2761.0,84.71,2436464.48,0.0,0.0,0.0,0.0,0.0,0.0,0.0
2022-04-02,0.0,0.0,0.0,0.0,0.0,338.93,171494.0,2767.0,84.17,2479954.45,0.0,0.0,0.0,0.0,0.0,0.0,0.0
2022-04-03,0.0,0.0,0.0,0.0,0.0,329.48,222235.0,3265.0,97.57,2746947.97,0.0,0.0,0.0,0.0,0.0,0.0,0.0
2022-04-04,0.0,0.0,0.0,0.0,0.0,282.17,211487.0,2861.0,62.41,2109040.21,0.0,0.0,0.0,0.0,0.0,0.0,0.0
2022-04-05,0.0,0.0,0.0,0.0,0.0,264.94,206548.0,2949.0,62.82,1616188.32,0.0,0.0,0.0,0.0,0.0,0.0,0.0
2022-04-06,0.0,0.0,0.0,0.0,0.0,184.54,144960.0,1950.0,45.22,1293684.07,0.0,0.0,0.0,0.0,0.0,0.0,0.0
2022-04-07,0.0,0.0,0.0,0.0,0.0,173.72,144311.0,1913.0,48.85,1566993.75,0.0,0.0,0.0,0.0,0.0,0.0,0.0
2022-04-08,0.0,0.0,0.0,0.0,0.0,162.92,135915.0,1692.0,43.22,1390842.9,0.0,0.0,0.0,0.0,0.0,0.0,0.0
2022-04-09,0.0,0.0,0.0,0.0,0.0,176.62,141777.0,1946.0,34.63,972688.61,0.0,0.0,0.0,0.0,0.0,0.0,0.0
2022-04-10,0.0,0.0,0.0,0.0,0.0,203.36,129001.0,2054.0,47.96,1252425.78,0.0,0.0,0.0,0.0,0.0,0.0,0.0
2022-04-11,0.0,0.0,0.0,0.0,0.0,202.53,149877.0,2101.0,40.76,1237753.05,0.0,0.0,0.0,0.0,0.0,0.0,0.0
2022-04-12,0.0,0.0,0.0,0.0,0.0,186.79,152439.0,2068.0,47.07,1277861.87,0.0,0.0,0.0,0.0,0.0,0.0,0.0
2022-04-13,0.0,0.0,0.0,0.0,0.0,175.62,126166.0,1807.0,27.99,799116.58,0.0,0.0,0.0,0.0,0.0,0.0,0.0
2022-04-14,0.0,0.0,0.0,0.0,0.0,159.44,122273.0,1785.0,36.02,1124386.86,0.0,0.0,0.0,0.0,0.0,0.0,0.0
2022-04-15,0.0,0.0,0.0,0.0,0.0,196.85,135994.0,2119.0,45.59,1245672.48,41.05,128081.0,719.0,0.0,0.0,0.0,0.0
2022-04-16,0.0,0.0,0.0,0.0,0.0,182.91,130469.0,2135.0,41.33,1183836.87,43.95,135159.0,686.0,0.0,0.0,0.0,0.0
2022-04-17,0.0,0.0,0.0,0.0,0.0,190.9,155990.0,2195.0,27.06,693106.96,36.79,131165.0,533.0,0.0,0.0,0.0,0.0
2022-04-18,0.0,0.0,0.0,0.0,0.0,186.25,141318.0,2085.0,49.94,1450576.07,0.0,0.0,0.0,0.0,0.0,0.0,0.0
2022-04-19,0.0,0.0,0.0,0.0,0.0,180.06,162202.0,2301.0,48.4,1479060.99,0.0,0.0,0.0,0.0,0.0,0.0,0.0
2022-04-20,0.0,0.0,0.0,0.0,0.0,179.28,124443.0,1968.0,38.31,1206001.58,22.51,109859.0,124.0,0.0,0.0,0.0,0.0
2022-04-21,0.0,0.0,0.0,0.0,0.0,191.27,118459.0,2201.0,43.26,1204827.15,33.74,124968.0,596.0,0.0,0.0,0.0,0.0
2022-04-22,0.0,0.0,0.0,0.0,0.0,164.07,85745.0,1723.0,46.2,1473046.81,45.7,127272.0,772.0,0.0,0.0,0.0,0.0
2022-04-23,0.0,0.0,0.0,0.0,0.0,140.0,108865.0,1852.0,44.54,1374458.05,47.09,157850.0,834.0,0.0,0.0,0.0,0.0
2022-04-24,0.0,0.0,0.0,0.0,0.0,186.76,100783.0,2044.0,33.34,1007258.96,23.32,90522.0,380.0,0.0,0.0,0.0,0.0
2022-04-25,0.0,0.0,0.0,0.0,0.0,190.29,153870.0,2357.0,51.92,1546230.95,64.6,202733.0,1314.0,0.0,0.0,0.0,0.0
2022-04-26,0.0,0.0,0.0,0.0,0.0,206.15,147495.0,2493.0,47.13,1290674.7,50.4,138839.0,856.0,0.0,0.0,0.0,0.0
2022-04-27,0.0,0.0,0.0,0.0,0.0,231.33,141536.0,2768.0,55.27,1481322.09,0.0,606.0,1.0,0.0,0.0,0.0,0.0
2022-04-28,0.0,0.0,0.0,0.0,0.0,290.05,173664.0,3034.0,53.53,1425931.54,83.66,198772.0,1124.0,0.0,0.0,0.0,0.0
2022-04-29,0.0,0.0,0.0,0.0,0.0,249.62,130679.0,2501.0,34.52,1152442.57,87.28,183273.0,1325.0,0.0,0.0,0.0,0.0
2022-04-30,0.0,0.0,0.0,0.0,0.0,231.29,143987.0,2565.0,34.91,1069900.64,49.42,136731.0,1129.0,0.0,0.0,0.0,0.0
2022-05-01,0.0,0.0,0.0,0.0,0.0,254.37,171134.0,3071.0,71.36,2212030.63,39.54,171961.0,1236.0,0.0,0.0,0.0,0.0
2022-05-02,0.0,0.0,0.0,0.0,0.0,265.07,212144.0,3369.0,66.47,1885421.55,21.95,83157.0,731.0,0.0,0.0,0.0,0.0
2022-05-03,0.0,0.0,0.0,0.0,0.0,248.06,180483.0,3165.0,54.39,1724189.82,22.84,69817.0,669.0,0.0,0.0,0.0,0.0
2022-05-04,0.0,0.0,0.0,0.0,0.0,240.58,191918.0,3049.0,63.17,1818011.58,13.79,36357.0,353.0,0.0,0.0,0.0,0.0
2022-05-05,0.0,0.0,0.0,0.0,0.0,217.83,157740.0,2902.0,48.54,1713448.25,0.0,0.0,0.0,0.0,0.0,0.0,0.0
2022-05-06,0.0,0.0,0.0,0.0,0.0,187.42,145407.0,2234.0,30.12,852713.27,12.14,25897.0,202.0,0.0,0.0,0.0,0.0
2022-05-07,0.0,0.0,0.0,0.0,0.0,175.98,134035.0,2128.0,38.71,1206040.44,32.75,84142.0,523.0,0.0,0.0,0.0,0.0
2022-05-08,0.0,0.0,0.0,0.0,0.0,217.68,159983.0,2592.0,48.97,1517994.3,15.67,49586.0,309.0,0.0,0.0,0.0,0.0
2022-05-09,0.0,0.0,0.0,0.0,0.0,200.28,164057.0,2430.0,38.54,1272825.87,22.85,77042.0,865.0,0.0,0.0,0.0,0.0
2022-05-10,0.0,0.0,0.0,0.0,0.0,178.97,175217.0,2390.0,49.69,1377603.78,38.86,125832.0,930.0,0.0,0.0,0.0,0.0
2022-05-11,0.0,0.0,0.0,0.0,0.0,187.62,165835.0,2462.0,39.36,1127579.53,38.1,121014.0,811.0,0.0,0.0,0.0,0.0
2022-05-12,0.0,0.0,0.0,0.0,0.0,250.83,203587.0,2837.0,62.14,1913040.35,21.4,65562.0,417.0,0.0,0.0,0.0,0.0
2022-05-13,0.0,0.0,0.0,0.0,0.0,236.17,193463.0,2593.0,42.0,1088603.84,0.0,0.0,0.0,0.0,0.0,0.0,0.0
2022-05-14,0.0,0.0,0.0,0.0,0.0,236.79,209665.0,2832.0,45.52,1355318.52,0.0,0.0,0.0,0.0,0.0,0.0,0.0
2022-05-15,0.0,0.0,0.0,0.0,0.0,256.25,214854.0,2872.0,48.34,1356442.82,0.0,0.0,0.0,0.0,0.0,0.0,0.0
2022-05-16,0.0,0.0,0.0,0.0,0.0,253.76,198058.0,2946.0,53.98,1610611.99,23.9,54139.0,1028.0,2.0,0.0,0.0,0.0
2022-05-17,0.0,0.0,0.0,0.0,0.0,255.92,217673.0,3118.0,33.22,1032545.72,38.59,95268.0,1331.0,2.0,0.0,0.0,0.0
2022-05-18,0.0,0.0,0.0,0.0,0.0,253.8,205164.0,3163.0,45.98,1339356.05,31.59,95244.0,1106.0,0.0,0.0,0.0,0.0
2022-05-19,0.0,0.0,0.0,0.0,0.0,228.82,198857.0,3028.0,39.66,1174966.73,28.27,74534.0,732.0,1.0,0.0,0.0,0.0
2022-05-20,0.0,0.0,0.0,0.0,0.0,200.61,166938.0,2685.0,44.04,1327455.46,0.0,0.0,0.0,0.0,0.0,0.0,0.0
2022-05-21,0.0,0.0,0.0,0.0,0.0,289.54,227870.0,3648.0,64.28,1960815.9,0.0,0.0,0.0,0.0,0.0,0.0,0.0
2022-05-22,0.0,0.0,0.0,0.0,0.0,276.3,205195.0,3487.0,59.51,1663486.08,0.0,0.0,0.0,0.0,0.0,0.0,0.0
2022-05-23,0.0,0.0,0.0,0.0,0.0,271.15,201118.0,3313.0,45.56,1192656.76,0.0,0.0,0.0,0.0,0.0,0.0,0.0
2022-05-24,0.0,0.0,0.0,0.0,0.0,257.76,220127.0,3267.0,57.22,1652562.31,0.0,0.0,0.0,0.0,0.0,0.0,0.0
2022-05-25,0.0,0.0,0.0,0.0,0.0,260.78,201772.0,2898.0,49.33,1658146.95,47.2,95306.0,804.0,0.0,0.0,0.0,0.0
2022-05-26,0.0,0.0,0.0,0.0,0.0,242.79,166946.0,2586.0,57.01,1649242.33,65.66,122748.0,830.0,1.0,0.0,0.0,0.0
2022-05-27,0.0,0.0,0.0,0.0,0.0,263.88,182370.0,2646.0,46.01,1527994.7,59.39,106820.0,717.0,1.0,0.0,0.0,0.0
2022-05-28,0.0,0.0,0.0,0.0,0.0,281.08,198345.0,2845.0,52.47,1709045.48,68.04,111443.0,690.0,0.0,0.0,0.0,0.0
2022-05-29,0.0,0.0,0.0,0.0,0.0,296.33,188207.0,2894.0,85.69,2662480.21,64.84,119740.0,927.0,1.0,0.0,0.0,0.0
2022-05-30,0.0,0.0,0.0,0.0,0.0,1905.47,566403.0,11329.0,301.72,9276068.51,83.68,127824.0,1592.0,6.0,0.0,0.0,0.0
2022-05-31,0.0,0.0,0.0,0.0,0.0,1667.05,595286.0,9135.0,190.0,5590236.34,267.07,397139.0,2766.0,12.0,0.0,0.0,0.0
2022-06-01,0.0,0.0,0.0,0.0,0.0,1828.19,588331.0,9609.0,194.24,5898301.09,658.58,742709.0,4046.0,18.0,0.0,0.0,0.0
2022-06-02,0.0,0.0,0.0,0.0,0.0,704.08,344297.0,5099.0,56.26,1619965.1,0.0,0.0,0.0,0.0,0.0,0.0,0.0
2022-06-03,0.0,0.0,0.0,0.0,0.0,660.55,350358.0,4806.0,58.92,1980021.9,0.0,0.0,0.0,0.0,0.0,0.0,0.0
2022-06-04,0.0,0.0,0.0,0.0,0.0,677.78,396837.0,5407.0,48.9,1558960.08,0.0,0.0,0.0,0.0,0.0,0.0,0.0
2022-06-05,0.0,0.0,0.0,0.0,0.0,533.28,362541.0,5273.0,61.07,1909844.04,0.0,0.0,0.0,0.0,0.0,0.0,0.0
2022-06-06,0.0,0.0,0.0,0.0,0.0,218.09,189494.0,2332.0,24.56,585090.3,0.0,0.0,0.0,0.0,0.0,0.0,0.0
2022-06-07,0.0,0.0,0.0,0.0,0.0,260.29,258887.0,2590.0,20.1,529047.06,0.0,0.0,0.0,0.0,0.0,0.0,0.0
2022-06-08,0.0,0.0,0.0,0.0,0.0,170.42,181200.0,2111.0,20.73,508213.73,0.0,0.0,0.0,0.0,0.0,0.0,0.0
2022-06-09,0.0,0.0,0.0,0.0,0.0,203.39,206552.0,2416.0,16.79,496519.04,0.0,0.0,0.0,0.0,0.0,0.0,0.0
2022-06-10,0.0,0.0,0.0,0.0,0.0,217.29,188533.0,2243.0,25.22,501481.93,0.0,0.0,0.0,0.0,0.0,0.0,0.0
2022-06-11,0.0,0.0,0.0,0.0,0.0,216.8,158796.0,2229.0,26.0,589929.81,0.0,0.0,0.0,0.0,0.0,0.0,0.0
2022-06-12,0.0,0.0,0.0,0.0,0.0,224.19,172398.0,2411.0,26.64,727905.46,0.0,0.0,0.0,0.0,0.0,0.0,0.0
2022-06-13,0.0,0.0,0.0,0.0,0.0,202.5,157986.0,2448.0,23.67,507890.86,0.0,0.0,0.0,0.0,0.0,0.0,0.0
2022-06-14,0.0,0.0,0.0,0.0,0.0,166.1,162048.0,2226.0,32.61,1197784.43,3.53,7906.0,76.0,0.0,0.0,0.0,0.0
2022-06-15,0.0,0.0,0.0,0.0,0.0,133.75,166644.0,2086.0,26.2,777556.53,43.21,89065.0,793.0,0.0,0.0,0.0,0.0
2022-06-16,0.0,0.0,0.0,0.0,0.0,114.39,166349.0,1927.0,26.33,861229.93,59.12,131731.0,987.0,0.0,0.0,0.0,0.0
2022-06-17,0.0,0.0,0.0,0.0,0.0,150.49,129541.0,1876.0,20.95,611803.18,72.12,140161.0,1144.0,0.0,0.0,0.0,0.0
2022-06-18,0.0,0.0,0.0,0.0,0.0,178.59,146589.0,2337.0,26.22,789857.33,39.73,65955.0,638.0,0.0,0.0,0.0,0.0
2022-06-19,0.0,0.0,0.0,0.0,0.0,190.6,152788.0,2437.0,31.68,1316921.8,25.63,50714.0,404.0,0.0,0.0,0.0,0.0
2022-06-20,0.0,0.0,0.0,0.0,0.0,188.8,152798.0,2263.0,34.69,794081.05,0.0,0.0,0.0,0.0,0.0,0.0,0.0
2022-06-21,0.0,0.0,0.0,0.0,0.0,179.17,170830.0,2611.0,45.26,1065258.23,0.0,0.0,0.0,0.0,0.0,0.0,0.0
2022-06-22,0.0,0.0,0.0,0.0,0.0,182.55,166140.0,2535.0,36.38,1049151.42,0.0,0.0,0.0,0.0,0.0,0.0,0.0
2022-06-23,0.0,0.0,0.0,0.0,0.0,152.44,153030.0,2191.0,16.24,328497.32,0.0,0.0,0.0,0.0,0.0,0.0,0.0
2022-06-24,0.0,0.0,0.0,0.0,0.0,167.1,157020.0,2251.0,36.96,1087246.19,0.0,0.0,0.0,0.0,0.0,0.0,0.0
2022-06-25,0.0,0.0,0.0,0.0,0.0,178.19,141299.0,2370.0,29.72,786369.64,0.0,0.0,0.0,0.0,0.0,0.0,0.0
2022-06-26,0.0,0.0,0.0,0.0,0.0,184.11,147442.0,2376.0,24.45,662802.4,0.0,0.0,0.0,0.0,0.0,0.0,0.0
2022-06-27,0.0,0.0,0.0,0.0,0.0,177.35,164792.0,2384.0,21.01,504410.8,0.0,0.0,0.0,0.0,0.0,0.0,0.0
2022-06-28,0.0,0.0,0.0,0.0,0.0,159.71,153888.0,2040.0,25.14,650217.06,0.0,0.0,0.0,0.0,0.0,0.0,0.0
2022-06-29,0.0,0.0,0.0,0.0,0.0,154.62,162053.0,1842.0,38.32,1034133.05,0.0,0.0,0.0,0.0,0.0,0.0,0.0
2022-06-30,0.0,0.0,0.0,0.0,0.0,176.86,140195.0,1745.0,24.76,917955.36,0.0,0.0,0.0,0.0,0.0,0.0,0.0
2022-07-01,0.0,0.0,0.0,0.0,0.0,181.29,148473.0,2183.0,36.81,844506.4,0.0,0.0,0.0,0.0,0.0,0.0,0.0
2022-07-02,0.0,0.0,0.0,0.0,0.0,167.66,159075.0,2399.0,26.12,649259.38,0.0,0.0,0.0,0.0,0.0,0.0,0.0
2022-07-03,0.0,0.0,0.0,0.0,0.0,178.12,177069.0,2734.0,25.21,512059.1,0.0,0.0,0.0,0.0,0.0,0.0,0.0
2022-07-04,0.0,0.0,0.0,0.0,0.0,175.42,193388.0,2560.0,32.78,930432.32,0.0,0.0,0.0,0.0,0.0,0.0,0.0
2022-07-05,0.0,0.0,0.0,0.0,0.0,176.88,163790.0,2314.0,39.18,995200.82,0.0,0.0,0.0,0.0,0.0,0.0,0.0
2022-07-06,0.0,0.0,0.0,0.0,0.0,161.25,135869.0,2115.0,36.48,1033242.26,0.0,0.0,0.0,0.0,0.0,0.0,0.0
2022-07-07,0.0,0.0,0.0,0.0,0.0,144.78,138691.0,2045.0,27.22,682448.91,0.0,0.0,0.0,0.0,0.0,0.0,0.0
2022-07-08,0.0,0.0,0.0,0.0,0.0,143.54,122321.0,1866.0,49.05,1171935.38,0.0,0.0,0.0,0.0,0.0,0.0,0.0
2022-07-09,0.0,0.0,0.0,0.0,0.0,161.15,145352.0,2272.0,31.67,686267.07,0.0,0.0,0.0,0.0,0.0,0.0,0.0
2022-07-10,0.0,0.0,0.0,0.0,0.0,160.67,139930.0,2347.0,33.95,776201.36,0.0,0.0,0.0,0.0,0.0,0.0,0.0
2022-07-11,0.0,0.0,0.0,0.0,0.0,153.89,154707.0,2331.0,44.5,809061.26,0.0,0.0,0.0,0.0,0.0,0.0,0.0
2022-07-12,0.0,0.0,0.0,0.0,0.0,140.72,131674.0,1984.0,24.17,683293.5,0.0,0.0,0.0,0.0,0.0,0.0,0.0
2022-07-13,0.0,0.0,0.0,0.0,0.0,178.73,139194.0,2125.0,45.46,1162519.56,0.0,0.0,0.0,0.0,0.0,0.0,0.0
2022-07-14,0.0,0.0,0.0,0.0,0.0,163.26,156645.0,2058.0,40.7,857074.96,0.0,0.0,0.0,0.0,0.0,0.0,0.0
2022-07-15,0.0,0.0,0.0,0.0,0.0,147.84,142668.0,2031.0,27.7,694236.84,0.0,0.0,0.0,0.0,0.0,0.0,0.0
2022-07-16,0.0,0.0,0.0,0.0,0.0,144.64,133764.0,2208.0,33.64,664427.21,0.0,0.0,0.0,0.0,0.0,0.0,0.0
2022-07-17,0.0,0.0,0.0,0.0,0.0,164.93,137517.0,2192.0,34.16,756052.57,0.0,0.0,0.0,0.0,0.0,0.0,0.0
2022-07-18,0.0,0.0,0.0,0.0,0.0,151.53,139456.0,2082.0,26.16,509798.08,0.0,0.0,0.0,0.0,0.0,0.0,0.0
2022-07-19,0.0,0.0,0.0,0.0,0.0,146.94,143774.0,2106.0,33.77,1001583.69,0.0,0.0,0.0,0.0,0.0,0.0,0.0
2022-07-20,0.0,0.0,0.0,0.0,0.0,159.75,134819.0,2121.0,29.59,789338.94,0.0,0.0,0.0,0.0,0.0,0.0,0.0
2022-07-21,0.0,0.0,0.0,0.0,0.0,146.88,145958.0,2096.0,24.65,464192.06,0.0,0.0,0.0,0.0,0.0,0.0,0.0
2022-07-22,0.0,0.0,0.0,0.0,0.0,130.99,119982.0,1744.0,22.77,531794.06,0.0,0.0,0.0,0.0,0.0,0.0,0.0
2022-07-23,0.0,0.0,0.0,0.0,0.0,161.61,129203.0,2040.0,26.84,784971.17,0.0,0.0,0.0,0.0,0.0,0.0,0.0
2022-07-24,0.0,0.0,0.0,0.0,0.0,158.01,124591.0,1975.0,30.46,890684.91,0.0,0.0,0.0,0.0,0.0,0.0,0.0
2022-07-25,0.0,0.0,0.0,0.0,0.0,154.17,136733.0,2017.0,29.16,898524.91,0.0,0.0,0.0,0.0,0.0,0.0,0.0
2022-07-26,0.0,0.0,0.0,0.0,0.0,148.93,139920.0,1909.0,27.64,708803.52,0.0,0.0,0.0,0.0,0.0,0.0,0.0
2022-07-27,0.0,0.0,0.0,0.0,0.0,159.72,139104.0,1956.0,32.87,857082.05,0.0,0.0,0.0,0.0,0.0,0.0,0.0
2022-07-28,0.0,0.0,0.0,0.0,0.0,147.38,128273.0,1758.0,23.07,625761.62,0.0,0.0,0.0,0.0,0.0,0.0,0.0
2022-07-29,0.0,0.0,0.0,0.0,0.0,123.14,108856.0,1522.0,25.72,622766.15,0.0,0.0,0.0,0.0,0.0,0.0,0.0
2022-07-30,0.0,0.0,0.0,0.0,0.0,173.97,105701.0,1779.0,19.95,439626.43,0.0,0.0,0.0,0.0,0.0,0.0,0.0
2022-07-31,0.0,0.0,0.0,0.0,0.0,138.62,111475.0,1640.0,20.99,499773.78,0.0,0.0,0.0,0.0,0.0,0.0,0.0
2022-08-01,0.0,0.0,0.0,0.0,0.0,144.54,116983.0,1705.0,33.63,855317.29,0.0,0.0,0.0,0.0,0.0,0.0,0.0
2022-08-02,0.0,0.0,0.0,0.0,0.0,140.65,119871.0,1781.0,39.27,937048.41,0.0,0.0,0.0,0.0,0.0,0.0,0.0
2022-08-03,0.0,0.0,0.0,0.0,0.0,150.12,121917.0,2030.0,45.21,1138293.08,0.0,0.0,0.0,0.0,0.0,0.0,0.0
2022-08-04,0.0,0.0,0.0,0.0,0.0,158.07,109078.0,1692.0,50.61,1215128.03,0.0,0.0,0.0,0.0,0.0,0.0,0.0
2022-08-05,0.0,0.0,0.0,0.0,0.0,137.54,112926.0,1671.0,34.47,715055.62,0.0,0.0,0.0,0.0,0.0,0.0,0.0
2022-08-06,0.0,0.0,0.0,0.0,0.0,146.4,112532.0,1928.0,41.89,1041620.2,0.0,0.0,0.0,0.0,0.0,0.0,0.0
2022-08-07,0.0,0.0,0.0,0.0,0.0,138.97,126892.0,2085.0,49.9,1040268.55,0.0,0.0,0.0,0.0,0.0,0.0,0.0
2022-08-08,0.0,0.0,0.0,0.0,0.0,457.18,266909.0,3460.0,61.24,1311679.92,0.0,0.0,0.0,0.0,0.0,0.0,0.0
2022-08-09,0.0,0.0,0.0,0.0,0.0,670.9,277770.0,4142.0,79.89,2012743.23,71.77,182635.0,1492.0,35.0,0.0,0.0,0.0
2022-08-10,0.0,0.0,0.0,0.0,0.0,594.55,286417.0,4567.0,78.18,1690887.35,108.56,222060.0,1277.0,32.0,0.0,0.0,0.0
2022-08-11,0.0,0.0,0.0,0.0,0.0,156.07,92783.0,1646.0,19.01,494956.42,0.0,0.0,0.0,0.0,0.0,0.0,0.0
2022-08-12,0.0,0.0,0.0,0.0,0.0,141.92,116087.0,1935.0,30.86,876233.99,0.0,0.0,0.0,0.0,0.0,0.0,0.0
2022-08-13,0.0,0.0,0.0,0.0,0.0,140.14,133151.0,1816.0,30.4,741474.16,0.0,0.0,0.0,0.0,0.0,0.0,0.0
2022-08-14,0.0,0.0,0.0,0.0,0.0,171.88,142026.0,2054.0,28.31,687448.07,0.0,0.0,0.0,0.0,0.0,0.0,0.0
2022-08-15,0.0,0.0,0.0,0.0,0.0,150.66,139829.0,1984.0,31.51,759474.53,0.0,0.0,0.0,0.0,0.0,0.0,0.0
2022-08-16,0.0,0.0,0.0,0.0,0.0,157.19,139047.0,2215.0,23.52,775487.63,0.0,0.0,0.0,0.0,0.0,0.0,0.0
2022-08-17,0.0,0.0,0.0,0.0,0.0,177.38,147840.0,2231.0,27.17,703620.09,0.0,0.0,0.0,0.0,0.0,0.0,0.0
2022-08-18,0.0,0.0,0.0,0.0,0.0,157.87,132659.0,1972.0,29.38,696279.65,0.0,0.0,0.0,0.0,0.0,0.0,0.0
2022-08-19,0.0,0.0,0.0,0.0,0.0,205.65,143556.0,1967.0,28.33,686363.67,0.0,0.0,0.0,0.0,0.0,0.0,0.0
2022-08-20,0.0,0.0,0.0,0.0,0.0,226.89,155597.0,2021.0,32.15,721525.8,0.0,0.0,0.0,0.0,0.0,0.0,0.0
2022-08-21,0.0,0.0,0.0,0.0,0.0,233.0,182473.0,2149.0,35.58,781222.8,0.0,0.0,0.0,0.0,0.0,0.0,0.0
2022-08-22,0.0,0.0,0.0,0.0,0.0,218.0,148970.0,2021.0,34.23,832766.31,0.0,0.0,0.0,0.0,0.0,0.0,0.0
2022-08-23,0.0,0.0,0.0,0.0,0.0,161.83,139305.0,1897.0,30.13,1053744.52,0.0,0.0,0.0,0.0,0.0,0.0,0.0
2022-08-24,0.0,0.0,0.0,0.0,0.0,231.98,171207.0,2379.0,29.95,577240.74,0.0,0.0,0.0,0.0,0.0,0.0,0.0
2022-08-25,0.0,0.0,0.0,0.0,0.0,201.16,145744.0,2116.0,26.67,599904.78,0.0,0.0,0.0,0.0,0.0,0.0,0.0
2022-08-26,0.0,0.0,0.0,0.0,0.0,190.15,136859.0,1962.0,23.65,474131.58,0.0,0.0,0.0,0.0,0.0,0.0,0.0
2022-08-27,0.0,0.0,0.0,0.0,0.0,195.51,141435.0,1985.0,21.46,537479.75,0.0,0.0,0.0,0.0,0.0,0.0,0.0
2022-08-28,0.0,0.0,0.0,0.0,0.0,214.14,158783.0,2068.0,25.72,577703.34,0.0,0.0,0.0,0.0,0.0,0.0,0.0
2022-08-29,0.0,0.0,0.0,0.0,0.0,275.71,191771.0,2589.0,50.46,1046684.87,0.0,0.0,0.0,0.0,0.0,0.0,0.0
2022-08-30,0.0,0.0,0.0,0.0,0.0,306.21,186307.0,2928.0,68.6,1558260.96,0.0,0.0,0.0,0.0,0.0,0.0,0.0
2022-08-31,0.0,0.0,0.0,0.0,0.0,306.1,185423.0,2997.0,49.46,1193109.8,0.0,0.0,0.0,0.0,0.0,0.0,0.0
2022-09-01,0.0,0.0,0.0,0.0,0.0,286.73,188117.0,2897.0,50.63,1233745.5,0.0,0.0,0.0,0.0,0.0,0.0,0.0
2022-09-02,0.0,0.0,0.0,0.0,0.0,175.56,109614.0,1778.0,20.1,741903.7,0.0,0.0,0.0,0.0,0.0,0.0,0.0
2022-09-03,0.0,0.0,0.0,0.0,0.0,181.49,151011.0,1999.0,27.51,511989.56,0.0,0.0,0.0,0.0,0.0,0.0,0.0
2022-09-04,0.0,0.0,0.0,0.0,0.0,196.27,169951.0,2012.0,34.18,671393.8,0.0,0.0,0.0,0.0,0.0,0.0,0.0
2022-09-05,0.0,0.0,0.0,0.0,0.0,90.71,39949.0,951.0,8.35,197349.51,0.0,0.0,0.0,0.0,0.0,0.0,0.0
2022-09-06,0.0,0.0,0.0,0.0,0.0,167.54,81919.0,1460.0,27.41,653294.73,0.0,0.0,0.0,0.0,0.0,0.0,0.0
2022-09-07,0.0,0.0,0.0,0.0,0.0,165.26,75823.0,1681.0,24.41,489603.06,0.0,0.0,0.0,0.0,0.0,0.0,0.0
2022-09-08,0.0,0.0,0.0,0.0,0.0,145.58,117521.0,2045.0,24.2,631780.02,0.0,0.0,0.0,0.0,0.0,0.0,0.0
2022-09-09,0.0,0.0,0.0,0.0,0.0,114.54,87802.0,1614.0,21.49,660300.42,0.0,0.0,0.0,0.0,0.0,0.0,0.0
2022-09-10,0.0,0.0,0.0,0.0,0.0,165.39,130036.0,1888.0,25.77,646862.19,0.0,0.0,0.0,0.0,0.0,0.0,0.0
2022-09-11,0.0,0.0,0.0,0.0,0.0,163.04,116292.0,1851.0,23.5,570606.05,0.0,0.0,0.0,0.0,0.0,0.0,0.0
2022-09-12,0.0,0.0,0.0,0.0,0.0,158.13,120200.0,1980.0,23.49,576047.09,0.0,0.0,0.0,0.0,0.0,0.0,0.0
2022-09-13,0.0,0.0,0.0,0.0,0.0,143.23,103345.0,1791.0,22.29,621265.21,50.23,140955.0,1319.0,0.0,0.0,0.0,0.0
2022-09-14,0.0,0.0,0.0,0.0,0.0,157.73,125667.0,1963.0,20.63,595320.66,87.03,215520.0,1829.0,0.0,0.0,0.0,0.0
2022-09-15,0.0,0.0,0.0,0.0,0.0,190.8,141763.0,1774.0,26.93,707730.98,81.02,195290.0,1619.0,0.0,0.0,0.0,0.0
2022-09-16,0.0,0.0,0.0,0.0,0.0,194.2,143821.0,1643.0,13.75,376610.48,0.0,51.0,0.0,0.0,0.0,0.0,0.0
2022-09-17,0.0,0.0,0.0,0.0,0.0,207.73,152236.0,1657.0,22.03,625635.49,0.0,0.0,0.0,0.0,0.0,0.0,0.0
2022-09-18,0.0,0.0,0.0,0.0,0.0,206.92,141602.0,1578.0,27.3,597029.87,0.0,0.0,0.0,0.0,0.0,0.0,0.0
2022-09-19,0.0,0.0,0.0,0.0,0.0,225.72,154721.0,1787.0,26.67,641475.85,0.0,0.0,0.0,0.0,0.0,0.0,0.0
2022-09-20,0.0,0.0,0.0,0.0,0.0,207.92,115678.0,1584.0,13.93,225182.11,0.0,0.0,0.0,0.0,0.0,0.0,0.0
2022-09-21,0.0,0.0,0.0,0.0,0.0,207.62,149295.0,2043.0,33.04,775681.78,21.09,69680.0,826.0,0.0,0.0,0.0,0.0
2022-09-22,0.0,0.0,0.0,0.0,0.0,147.07,112874.0,1877.0,35.0,797172.57,71.53,198303.0,2019.0,0.0,0.0,0.0,0.0
2022-09-23,0.0,0.0,0.0,0.0,0.0,138.9,119917.0,1858.0,23.16,673700.98,72.43,206581.0,1842.0,0.0,0.0,0.0,0.0
2022-09-24,0.0,0.0,0.0,0.0,0.0,147.69,125778.0,1832.0,28.81,741513.83,69.22,194192.0,1686.0,0.0,0.0,0.0,0.0
2022-09-25,0.0,0.0,0.0,0.0,0.0,174.78,131469.0,2093.0,26.13,748500.98,57.33,166704.0,1382.0,0.0,0.0,0.0,0.0
2022-09-26,0.0,0.0,0.0,0.0,0.0,160.93,97037.0,1888.0,27.03,721540.87,0.0,0.0,0.0,0.0,0.0,0.0,0.0
2022-09-27,0.0,0.0,0.0,0.0,0.0,100.11,52710.0,1150.0,15.64,399320.11,0.0,0.0,0.0,0.0,0.0,0.0,0.0
2022-09-28,0.0,0.0,0.0,0.0,0.0,106.85,78362.0,1314.0,20.09,557570.25,0.0,0.0,0.0,0.0,0.0,0.0,0.0
2022-09-29,0.0,0.0,0.0,0.0,0.0,199.94,131122.0,1699.0,29.18,774273.39,33.07,76633.0,683.0,9.0,0.0,0.0,0.0
2022-09-30,0.0,0.0,0.0,0.0,0.0,192.38,115657.0,1521.0,18.08,463198.17,55.13,113359.0,760.0,4.0,0.0,0.0,0.0
2022-10-01,0.0,0.0,0.0,0.0,0.0,211.79,169759.0,1848.0,24.22,556323.07,70.05,129453.0,708.0,10.0,0.0,0.0,0.0
2022-10-02,0.0,0.0,0.0,0.0,0.0,243.85,171865.0,2001.0,37.93,948715.1,59.14,110525.0,587.0,47.0,0.0,0.0,0.0
2022-10-03,0.0,0.0,0.0,0.0,0.0,925.86,296441.0,6219.0,126.14,3710978.67,119.56,204528.0,2386.0,57.0,0.0,0.0,0.0
2022-10-04,0.0,0.0,0.0,0.0,0.0,785.99,194357.0,4724.0,63.66,1652285.44,288.21,420837.0,4049.0,97.0,0.0,0.0,0.0
2022-10-05,0.0,0.0,0.0,0.0,0.0,940.76,291756.0,4560.0,76.66,2096081.81,316.95,551332.0,3371.0,114.0,0.0,0.0,0.0
2022-10-06,0.0,0.0,0.0,0.0,0.0,191.58,107434.0,1490.0,12.35,343167.82,0.0,0.0,0.0,0.0,0.0,0.0,0.0
2022-10-07,0.0,0.0,0.0,0.0,0.0,169.47,75630.0,1418.0,12.33,313891.71,0.0,0.0,0.0,0.0,0.0,0.0,0.0
2022-10-08,0.0,0.0,0.0,0.0,0.0,118.54,73369.0,1258.0,15.64,423974.94,0.0,0.0,0.0,0.0,0.0,0.0,0.0
2022-10-09,0.0,0.0,0.0,0.0,0.0,65.69,52033.0,986.0,14.35,337527.23,0.0,0.0,0.0,0.0,0.0,0.0,0.0
2022-10-10,0.0,0.0,0.0,0.0,0.0,120.1,105397.0,1626.0,16.99,471789.28,0.0,0.0,0.0,0.0,0.0,0.0,0.0
2022-10-11,0.0,0.0,0.0,0.0,0.0,124.23,100492.0,1863.0,17.27,476860.44,30.93,122078.0,0.0,0.0,0.0,0.0,0.0
2022-10-12,0.0,0.0,0.0,0.0,0.0,125.18,89543.0,1788.0,15.12,379811.04,49.76,188751.0,0.0,0.0,0.0,0.0,0.0
2022-10-13,0.0,0.0,0.0,0.0,0.0,155.64,105840.0,1923.0,14.77,456470.69,45.73,179278.0,0.0,0.0,0.0,0.0,0.0
2022-10-14,0.0,0.0,0.0,0.0,0.0,138.39,103738.0,1835.0,21.99,523794.79,18.51,69787.0,0.0,0.0,0.0,0.0,0.0
2022-10-15,0.0,0.0,0.0,0.0,0.0,148.16,106690.0,1826.0,16.33,397348.78,0.0,0.0,0.0,0.0,0.0,0.0,0.0
2022-10-16,0.0,0.0,0.0,0.0,0.0,169.55,129574.0,2085.0,15.52,527280.29,0.0,0.0,0.0,0.0,0.0,0.0,0.0
2022-10-17,0.0,0.0,0.0,0.0,0.0,161.08,93174.0,1924.0,17.82,437434.66,0.0,0.0,0.0,0.0,0.0,0.0,0.0
2022-10-18,0.0,0.0,0.0,0.0,0.0,137.91,107477.0,1929.0,18.75,489961.55,45.0,163873.0,0.0,0.0,0.0,0.0,0.0
2022-10-19,0.0,0.0,0.0,0.0,0.0,128.37,100443.0,1995.0,21.05,587021.55,45.0,145639.0,0.0,0.0,0.0,0.0,0.0
2022-10-20,0.0,0.0,0.0,0.0,0.0,159.44,111502.0,2104.0,21.33,479396.15,0.0,0.0,0.0,0.0,0.0,0.0,0.0
2022-10-21,0.0,0.0,0.0,0.0,0.0,149.53,110922.0,1845.0,16.64,479983.26,0.0,0.0,0.0,0.0,0.0,0.0,0.0
2022-10-22,0.0,0.0,0.0,0.0,0.0,171.36,127581.0,1634.0,17.51,416445.33,0.0,0.0,0.0,0.0,0.0,0.0,0.0
2022-10-23,0.0,0.0,0.0,0.0,0.0,209.67,151961.0,2017.0,22.89,564312.76,0.0,0.0,0.0,0.0,0.0,0.0,0.0
2022-10-24,0.0,0.0,0.0,0.0,0.0,214.56,139555.0,1909.0,10.96,186211.29,0.0,0.0,0.0,0.0,0.0,0.0,0.0
2022-10-25,0.0,0.0,0.0,0.0,0.0,200.66,153334.0,2054.0,19.08,439908.45,0.0,0.0,0.0,0.0,0.0,0.0,0.0
2022-10-26,0.0,0.0,0.0,0.0,0.0,232.01,158959.0,2189.0,17.75,421807.66,0.0,0.0,0.0,0.0,0.0,0.0,0.0
2022-10-27,0.0,0.0,0.0,0.0,0.0,222.14,148753.0,1964.0,19.85,471585.8,62.73,192816.0,1215.0,0.0,0.0,0.0,0.0
2022-10-28,0.0,0.0,0.0,0.0,0.0,204.03,125080.0,1357.0,9.42,182310.39,87.87,234964.0,1354.0,0.0,0.0,0.0,0.0
2022-10-29,0.0,0.0,0.0,0.0,0.0,153.53,92197.0,1141.0,19.87,452677.75,93.04,226923.0,1423.0,0.0,0.0,0.0,0.0
2022-10-30,0.0,0.0,0.0,0.0,0.0,188.06,121823.0,1441.0,12.22,184369.75,87.78,216840.0,1328.0,0.0,0.0,0.0,0.0
2022-10-31,0.0,0.0,0.0,0.0,0.0,159.29,106683.0,1155.0,12.52,242619.99,54.73,122226.0,710.0,0.0,0.0,0.0,0.0
2022-11-01,0.0,0.0,0.0,0.0,0.0,178.27,132704.0,1395.0,22.58,490579.63,48.64,147411.0,749.0,0.0,0.0,0.0,0.0
2022-11-02,0.0,0.0,0.0,0.0,0.0,196.21,93706.0,1529.0,13.79,338799.32,0.0,0.0,0.0,0.0,0.0,0.0,0.0
2022-11-03,0.0,0.0,0.0,0.0,0.0,203.84,110940.0,1677.0,19.05,459869.76,0.0,0.0,0.0,0.0,0.0,0.0,0.0
2022-11-04,0.0,0.0,0.0,0.0,0.0,175.7,119970.0,1621.0,22.07,614118.73,0.0,0.0,0.0,0.0,0.0,0.0,0.0
2022-11-05,0.0,0.0,0.0,0.0,0.0,204.59,163515.0,2388.0,16.09,467933.9,0.0,0.0,0.0,0.0,0.0,0.0,0.0
2022-11-06,0.0,0.0,0.0,0.0,0.0,171.68,123686.0,1926.0,26.33,836666.46,0.0,0.0,0.0,0.0,0.0,0.0,0.0
2022-11-07,0.0,0.0,0.0,0.0,0.0,139.89,80330.0,1665.0,29.61,910734.06,0.0,0.0,0.0,0.0,0.0,0.0,0.0
2022-11-08,0.0,0.0,0.0,0.0,0.0,97.73,71783.0,1497.0,18.5,431108.13,0.0,0.0,0.0,0.0,0.0,0.0,0.0
2022-11-09,0.0,0.0,0.0,0.0,0.0,92.85,68963.0,1470.0,19.82,547985.62,0.0,0.0,0.0,0.0,0.0,0.0,0.0
2022-11-10,0.0,0.0,0.0,0.0,0.0,108.37,81305.0,1628.0,21.85,645310.91,0.0,0.0,0.0,0.0,0.0,0.0,0.0
2022-11-11,0.0,0.0,0.0,0.0,0.0,103.97,71923.0,1394.0,10.58,231473.25,0.0,0.0,0.0,0.0,0.0,0.0,0.0
2022-11-12,0.0,0.0,0.0,0.0,0.0,131.56,89062.0,1653.0,23.62,595231.54,0.0,0.0,0.0,0.0,0.0,0.0,0.0
2022-11-13,0.0,0.0,0.0,0.0,0.0,150.21,93491.0,1743.0,26.16,647898.12,0.0,0.0,0.0,0.0,0.0,0.0,0.0
2022-11-14,0.0,0.0,0.0,0.0,0.0,137.69,74217.0,1671.0,21.46,622553.29,0.0,0.0,0.0,0.0,0.0,0.0,0.0
2022-11-15,0.0,0.0,0.0,0.0,0.0,120.26,74463.0,1703.0,18.7,462479.12,0.0,0.0,0.0,0.0,0.0,0.0,0.0
2022-11-16,0.0,0.0,0.0,0.0,0.0,148.8,84299.0,1898.0,17.25,429636.41,0.0,0.0,0.0,0.0,0.0,0.0,0.0
2022-11-17,0.0,0.0,0.0,0.0,0.0,135.13,80563.0,1779.0,20.58,449490.99,0.0,0.0,0.0,0.0,0.0,0.0,0.0
2022-11-18,0.0,0.0,0.0,0.0,0.0,111.93,73834.0,1675.0,14.58,386224.39,0.0,0.0,0.0,0.0,0.0,0.0,0.0
2022-11-19,0.0,0.0,0.0,0.0,0.0,115.3,75604.0,1555.0,26.38,761446.61,0.0,0.0,0.0,0.0,0.0,0.0,0.0
2022-11-20,0.0,0.0,0.0,0.0,0.0,151.49,88888.0,1897.0,25.24,609025.14,0.0,0.0,0.0,0.0,0.0,0.0,0.0
2022-11-21,0.0,0.0,0.0,0.0,0.0,128.03,61061.0,1526.0,26.79,711667.69,0.0,0.0,0.0,0.0,0.0,0.0,0.0
2022-11-22,0.0,0.0,0.0,0.0,0.0,122.77,67685.0,1503.0,20.25,479711.98,99.16,309467.0,1194.0,7.0,0.0,0.0,0.0
2022-11-23,0.0,0.0,0.0,0.0,0.0,126.04,71816.0,1529.0,28.4,802393.3,117.45,321367.0,776.0,4.0,0.0,0.0,0.0
2022-11-24,0.0,0.0,0.0,0.0,0.0,122.12,64730.0,1308.0,17.9,413498.19,225.61,550818.0,1664.0,25.0,0.0,0.0,0.0
2022-11-25,0.0,0.0,0.0,0.0,0.0,202.26,95589.0,1987.0,22.88,674156.47,130.91,294616.0,873.0,17.0,0.0,0.0,0.0
2022-11-26,0.0,0.0,0.0,0.0,0.0,153.3,57104.0,1299.0,25.54,584640.31,177.46,370432.0,1086.0,24.0,0.0,0.0,0.0
2022-11-27,0.0,0.0,0.0,0.0,0.0,272.67,91403.0,2142.0,30.53,650626.63,168.33,355732.0,951.0,50.0,0.0,0.0,0.0
2022-11-28,0.0,0.0,0.0,0.0,0.0,390.71,121767.0,2394.0,31.09,793914.44,124.64,327106.0,755.0,30.0,0.0,0.0,0.0
2022-11-29,0.0,0.0,0.0,0.0,0.0,145.4,53917.0,1179.0,10.59,250829.4,39.31,110754.0,269.0,0.0,0.0,0.0,0.0
2022-11-30,0.0,0.0,0.0,0.0,0.0,167.66,93777.0,1374.0,23.06,639110.06,39.19,121600.0,245.0,0.0,0.0,0.0,0.0
2022-12-01,0.0,0.0,0.0,0.0,0.0,248.23,155501.0,1635.0,21.53,615741.99,39.4,158859.0,333.0,0.0,0.0,0.0,0.0
2022-12-02,0.0,0.0,0.0,0.0,0.0,221.5,138731.0,1198.0,12.31,292280.28,330.59,1064930.0,2221.0,0.0,0.0,0.0,0.0
2022-12-03,0.0,0.0,0.0,0.0,0.0,291.03,160324.0,1555.0,27.63,628901.54,107.51,297583.0,625.0,0.0,0.0,0.0,0.0
2022-12-04,0.0,0.0,0.0,0.0,0.0,122.9,97679.0,1423.0,31.73,858270.18,0.0,376.0,0.0,0.0,0.0,0.0,0.0
2022-12-05,0.0,0.0,0.0,0.0,0.0,92.06,61840.0,898.0,5.47,137993.66,56.77,219251.0,466.0,0.0,0.0,0.0,0.0
2022-12-06,0.0,0.0,0.0,0.0,0.0,101.44,35421.0,1338.0,20.57,404385.65,116.18,439518.0,965.0,0.0,0.0,0.0,0.0
2022-12-07,0.0,0.0,0.0,0.0,0.0,100.28,37060.0,1361.0,21.05,564455.44,59.21,223477.0,415.0,0.0,0.0,0.0,0.0
2022-12-08,0.0,0.0,0.0,0.0,0.0,103.72,49441.0,1283.0,22.39,681401.01,60.14,221744.0,491.0,0.0,0.0,0.0,0.0
2022-12-09,0.0,0.0,0.0,0.0,0.0,114.48,45880.0,1333.0,23.83,553614.84,61.29,204868.0,432.0,0.0,0.0,0.0,0.0
2022-12-10,0.0,0.0,0.0,0.0,0.0,109.53,45562.0,1144.0,22.18,484496.42,60.57,194795.0,407.0,0.0,0.0,0.0,0.0
2022-12-11,0.0,0.0,0.0,0.0,0.0,129.51,63307.0,1474.0,19.94,442119.99,60.38,198098.0,466.0,0.0,0.0,0.0,0.0
2022-12-12,0.0,0.0,0.0,0.0,0.0,153.1,67094.0,1692.0,20.16,520235.47,52.12,182671.0,406.0,0.0,0.0,0.0,0.0
2022-12-13,0.0,0.0,0.0,0.0,0.0,149.91,86070.0,1781.0,32.77,842573.97,0.0,0.0,0.0,0.0,0.0,0.0,0.0
2022-12-14,0.0,0.0,0.0,0.0,0.0,151.64,78816.0,1651.0,18.65,487397.72,0.0,0.0,0.0,0.0,0.0,0.0,0.0
2022-12-15,0.0,0.0,0.0,0.0,0.0,146.21,76292.0,1639.0,19.23,421863.08,0.0,0.0,0.0,0.0,0.0,0.0,0.0
2022-12-16,0.0,0.0,0.0,0.0,0.0,145.56,90124.0,1737.0,21.7,589827.39,15.48,56022.0,66.0,0.0,0.0,0.0,0.0
2022-12-17,0.0,0.0,0.0,0.0,0.0,140.52,80359.0,1551.0,21.41,604935.98,38.67,130875.0,183.0,0.0,0.0,0.0,0.0
2022-12-18,0.0,0.0,0.0,0.0,0.0,144.85,95976.0,1636.0,18.42,455835.86,38.66,133464.0,212.0,0.0,0.0,0.0,0.0
2022-12-19,0.0,0.0,0.0,0.0,0.0,137.46,75725.0,1616.0,23.2,605126.98,37.26,131945.0,177.0,0.0,0.0,0.0,0.0
2022-12-20,0.0,0.0,0.0,0.0,0.0,131.11,82707.0,1754.0,21.21,534705.07,37.65,127980.0,181.0,0.0,0.0,0.0,0.0
2022-12-21,0.0,0.0,0.0,0.0,0.0,120.92,90002.0,1592.0,21.12,516469.13,37.38,119075.0,181.0,0.0,0.0,0.0,0.0
2022-12-22,0.0,0.0,0.0,0.0,0.0,133.48,87680.0,1598.0,12.1,355667.42,18.24,58277.0,87.0,0.0,0.0,0.0,0.0
2022-12-23,0.0,0.0,0.0,0.0,0.0,116.42,72672.0,1315.0,17.47,309682.74,0.0,0.0,0.0,0.0,0.0,0.0,0.0
2022-12-24,0.0,0.0,0.0,0.0,0.0,77.07,58619.0,785.0,12.28,418550.57,0.0,0.0,0.0,0.0,0.0,0.0,0.0
2022-12-25,0.0,0.0,0.0,0.0,0.0,173.82,96752.0,1794.0,17.01,354072.65,0.0,0.0,0.0,0.0,0.0,0.0,0.0
2022-12-26,0.0,0.0,0.0,0.0,0.0,151.73,71951.0,1704.0,20.39,422914.57,0.0,0.0,0.0,0.0,0.0,0.0,0.0
2022-12-27,0.0,0.0,0.0,0.0,0.0,70.55,24888.0,885.0,3.12,64515.63,0.0,0.0,0.0,0.0,0.0,0.0,0.0
2022-12-28,0.0,0.0,0.0,0.0,0.0,61.29,26355.0,919.0,4.54,65603.51,0.0,0.0,0.0,0.0,0.0,0.0,0.0
2022-12-29,0.0,0.0,0.0,0.0,0.0,53.64,23216.0,753.0,4.06,103467.84,0.0,0.0,0.0,0.0,0.0,0.0,0.0
2022-12-30,0.0,0.0,0.0,0.0,0.0,43.08,20210.0,515.0,6.16,130306.92,0.0,0.0,0.0,0.0,0.0,0.0,0.0
2022-12-31,0.0,0.0,0.0,0.0,0.0,37.03,16964.0,284.0,3.28,93382.11,0.0,0.0,0.0,0.0,0.0,0.0,0.0
2023-01-01,321.84,742950.0,13322.0,86.0,15627.36,48.0,10716.0,608.0,7.07,151825.56,0.0,0.0,0.0,0.0,24281.0,0.0,6229142.0
2023-01-02,451.76,1216516.0,14642.0,149.0,26406.96,109.4,64642.0,1600.0,6.93,252382.28,0.0,0.0,0.0,0.0,38158.0,0.0,10897631.0
2023-01-03,463.34,1055593.0,12385.0,171.0,30336.42,216.32,118839.0,2421.0,14.74,329380.41,0.0,0.0,0.0,0.0,38019.0,0.0,10993237.0
2023-01-04,359.16,872498.0,8406.0,155.0,25025.04,187.52,116416.0,2697.0,22.18,562848.43,0.0,0.0,0.0,0.0,34933.0,0.0,9971491.0
2023-01-05,825.97,2048241.0,9694.0,130.0,24406.32,166.32,88387.0,1950.0,8.06,206174.13,0.0,0.0,0.0,0.0,34391.0,0.0,10598870.0
2023-01-06,1354.31,2643128.0,13981.0,135.0,24955.5,130.24,70010.0,1664.0,12.93,394375.9,7.55,45074.0,92.0,0.0,33887.0,0.0,8962981.0
2023-01-07,1398.25,2509708.0,14156.0,134.0,25146.6,105.58,67170.0,1561.0,12.66,285484.23,19.61,113519.0,255.0,0.0,31763.0,0.0,8883531.0
2023-01-08,1486.42,2553827.0,15275.0,149.0,25847.82,166.4,102838.0,2081.0,14.36,347431.08,4.38,27984.0,58.0,0.0,34181.0,0.0,8817477.0
2023-01-09,1024.24,1627894.0,11305.0,122.0,23547.24,152.0,65612.0,1731.0,13.38,413999.2,19.28,104166.0,194.0,0.0,33645.0,0.0,8184776.0
2023-01-10,527.22,1065068.0,7371.0,127.0,22198.5,136.14,89966.0,2075.0,11.25,308645.51,24.98,128247.0,258.0,0.0,28273.0,0.0,7425087.0
2023-01-11,725.19,1503399.0,8056.0,101.0,16908.96,113.23,75853.0,1759.0,13.29,345588.82,24.54,127072.0,233.0,0.0,27684.0,0.0,6465006.0
2023-01-12,968.9,1636752.0,10624.0,120.0,20661.06,171.09,105270.0,2042.0,19.89,474193.63,24.99,125055.0,232.0,0.0,29068.0,0.0,7595941.0
2023-01-13,1305.7,1993061.0,14763.0,137.0,24493.08,125.2,74120.0,1483.0,7.68,186280.99,24.55,121741.0,245.0,0.0,32894.0,0.0,8141420.0
2023-01-14,1776.33,2661760.0,16702.0,146.0,25445.46,96.47,70557.0,1334.0,12.53,230369.15,24.87,124509.0,229.0,0.0,37977.0,0.0,8522792.0
2023-01-15,1785.53,2575946.0,17159.0,148.0,29654.16,153.36,104317.0,1755.0,9.58,285685.0,24.52,127593.0,260.0,0.0,36086.0,0.0,8449816.0
2023-01-16,1660.84,2731680.0,15589.0,139.0,25977.9,152.51,74840.0,1694.0,13.87,358237.44,24.26,121493.0,216.0,0.0,33253.0,0.0,7409380.0
2023-01-17,1522.05,2511867.0,14482.0,134.0,22859.28,145.44,93882.0,1958.0,18.18,376764.59,8.39,44483.0,84.0,0.0,30743.0,0.0,6842311.0
2023-01-18,1209.35,1874172.0,12099.0,122.0,17893.32,140.31,96011.0,1835.0,14.26,296614.43,3.08,19429.0,48.0,0.0,29094.0,0.0,5394121.0
2023-01-19,601.41,1135716.0,6824.0,100.0,15257.16,164.9,107404.0,2038.0,10.22,235149.16,33.84,176608.0,376.0,0.0,27687.0,0.0,6277503.0
2023-01-20,804.5,1450488.0,7811.0,93.0,15459.3,189.31,142240.0,1916.0,25.12,416340.36,47.32,229340.0,473.0,0.0,23512.0,0.0,6054205.0
2023-01-21,877.37,1629590.0,8107.0,60.0,10436.88,197.45,145908.0,1823.0,22.57,574485.9,0.0,0.0,0.0,0.0,21506.0,0.0,4628676.0
2023-01-22,928.34,1713351.0,8899.0,87.0,16950.66,214.69,154207.0,2054.0,10.06,388020.27,0.0,0.0,0.0,0.0,22974.0,0.0,5292213.0
2023-01-23,807.53,1535514.0,7397.0,88.0,15967.14,218.66,131377.0,1986.0,6.71,181339.97,31.52,151905.0,197.0,0.0,28258.0,0.0,6809945.0
2023-01-24,797.68,1338535.0,6756.0,89.0,14091.36,220.05,131298.0,2057.0,17.3,477651.31,61.42,273933.0,346.0,0.0,28149.0,0.0,6445840.0
2023-01-25,736.45,1137451.0,5731.0,94.0,17262.72,222.88,149724.0,2242.0,20.76,532300.96,95.21,405632.0,523.0,0.0,27491.0,0.0,6996015.0
2023-01-26,710.96,1186142.0,5337.0,107.0,20446.38,271.01,165238.0,2116.0,10.48,210573.83,102.7,428638.0,561.0,0.0,29251.0,0.0,8265128.0
2023-01-27,846.28,1462019.0,6550.0,88.0,16534.44,231.12,152553.0,1833.0,17.91,377968.7,102.71,410001.0,544.0,0.0,23117.0,0.0,6366360.0
2023-01-28,901.19,1598757.0,7030.0,69.0,11411.46,221.42,156477.0,1820.0,12.99,433593.06,25.28,108166.0,158.0,0.0,20560.0,0.0,5269753.0
2023-01-29,939.04,1613704.0,8079.0,81.0,13341.12,254.05,169803.0,2105.0,17.52,455220.23,0.0,1039.0,0.0,0.0,22477.0,0.0,6667364.0
2023-01-30,674.54,1116876.0,6427.0,61.0,11049.48,217.18,142537.0,2031.0,9.22,272761.24,39.17,177900.0,205.0,0.0,27321.0,0.0,7194200.0
2023-01-31,553.56,981739.0,5342.0,89.0,16095.42,196.38,119791.0,1859.0,11.33,274923.81,46.57,212309.0,250.0,0.0,26201.0,0.0,8097945.0
2023-02-01,958.72,2183338.0,6836.0,59.0,10702.62,163.48,123443.0,2404.0,30.29,669200.34,26.66,117700.0,168.0,0.0,27917.0,0.0,7214154.0
2023-02-02,977.4,1912541.0,7477.0,121.0,22323.72,124.16,88705.0,1325.0,14.44,306562.47,64.78,271553.0,363.0,0.0,27415.0,0.0,8755724.0
2023-02-03,754.33,1407766.0,6412.0,103.0,18648.48,100.45,87468.0,1208.0,13.13,290809.51,64.8,256710.0,347.0,0.0,22599.0,0.0,7518512.0
2023-02-04,755.81,1291429.0,6389.0,71.0,12506.82,114.65,89224.0,1237.0,13.11,265606.27,64.59,253227.0,425.0,0.0,19637.0,0.0,6068536.0
2023-02-05,784.8,1231551.0,6797.0,63.0,11894.28,130.78,101146.0,1437.0,16.82,392553.61,64.62,245766.0,419.0,0.0,20608.0,0.0,5939727.0
2023-02-06,583.18,835752.0,4981.0,88.0,17098.5,146.18,114947.0,1717.0,27.1,503514.13,62.38,241996.0,341.0,0.0,24808.0,0.0,7394232.0
2023-02-07,596.47,917918.0,4993.0,93.0,19643.64,120.59,100834.0,1862.0,22.4,373730.65,0.0,0.0,0.0,0.0,25703.0,0.0,7271915.0
2023-02-08,701.74,1154632.0,5396.0,82.0,15101.4,171.09,138182.0,1759.0,21.89,483380.66,58.12,255997.0,312.0,0.0,24856.0,0.0,7098833.0
2023-02-09,919.14,1454398.0,7778.0,105.0,16669.14,221.66,180337.0,1797.0,18.29,415069.06,99.41,414684.0,543.0,0.0,28107.0,0.0,7562682.0
2023-02-10,1046.12,1656342.0,10110.0,115.0,17575.44,221.06,183548.0,1724.0,16.86,385429.51,107.18,452662.0,613.0,0.0,28383.0,0.0,6839285.0
2023-02-11,1215.18,1821173.0,9987.0,77.0,12387.24,220.19,181373.0,1582.0,17.9,394367.02,119.56,490437.0,678.0,0.0,23676.0,0.0,5243927.0
2023-02-12,1299.6,1980035.0,9824.0,91.0,15042.9,233.7,187535.0,1662.0,14.66,489140.14,116.96,492443.0,692.0,0.0,24289.0,0.0,6134318.0
2023-02-13,906.94,1477184.0,6599.0,51.0,9908.94,191.8,141417.0,1082.0,7.59,160290.63,110.93,460348.0,624.0,0.0,20884.0,0.0,3528364.0
2023-02-14,1107.9,1728501.0,7882.0,65.0,13611.6,102.39,87926.0,983.0,12.96,396552.25,74.08,308792.0,450.0,0.0,18776.0,0.0,4511589.0
2023-02-15,1236.35,1843788.0,8077.0,61.0,9758.88,123.27,71916.0,1102.0,7.48,239316.11,107.22,422946.0,573.0,0.0,22268.0,0.0,4802603.0
2023-02-16,1087.65,1778456.0,7823.0,71.0,13207.38,94.77,61580.0,1270.0,12.85,302059.92,95.39,369588.0,585.0,0.0,23310.0,0.0,5940425.0
2023-02-17,1077.95,1657060.0,7261.0,69.0,12184.08,114.91,89660.0,1353.0,7.0,151061.0,124.72,429041.0,710.0,0.0,22282.0,0.0,4504734.0
2023-02-18,1043.2,1646360.0,6758.0,51.0,9691.32,119.94,107267.0,1294.0,17.78,411418.9,80.43,220312.0,429.0,0.0,18191.0,0.0,3682259.0
2023-02-19,1153.57,1763406.0,8448.0,50.0,8836.08,136.44,112579.0,1552.0,16.28,392348.61,58.33,151441.0,306.0,0.0,23715.0,0.0,3580863.0
2023-02-20,1079.26,1773352.0,8689.0,89.0,16691.16,155.84,105819.0,1516.0,22.77,465384.79,53.62,196370.0,544.0,9.0,27450.0,0.0,5743142.0
2023-02-21,1104.19,1687953.0,9958.0,81.0,14922.54,134.11,91407.0,1353.0,14.13,344790.75,77.58,256056.0,694.0,14.0,30612.0,0.0,6055036.0
2023-02-22,1019.82,1656589.0,9751.0,89.0,15343.38,131.64,86828.0,1332.0,15.01,359737.56,78.56,260862.0,585.0,19.0,31628.0,0.0,5760721.0
2023-02-23,1210.59,1649800.0,8221.0,80.0,13288.92,108.71,57178.0,1060.0,19.99,357766.51,115.84,407511.0,814.0,16.0,28381.0,0.0,5478838.0
2023-02-24,1192.51,1774583.0,8613.0,105.0,17224.5,102.44,50939.0,926.0,13.51,215346.65,141.04,507397.0,851.0,14.0,26981.0,0.0,6472928.0
2023-02-25,1131.24,1703537.0,9921.0,95.0,16314.84,61.42,17913.0,992.0,16.16,402814.46,85.75,319367.0,451.0,0.0,23172.0,0.0,6071503.0
2023-02-26,1105.32,1713956.0,10841.0,99.0,18790.44,60.17,20213.0,1090.0,16.05,508700.82,57.1,216635.0,312.0,0.0,23946.0,0.0,6746448.0
2023-02-27,1077.07,1815263.0,9491.0,111.0,19846.5,50.64,20041.0,1033.0,18.69,445565.53,5.61,28275.0,42.0,0.0,26042.0,0.0,6761518.0
2023-02-28,1133.95,1771715.0,8741.0,149.0,25646.94,103.18,33396.0,1718.0,31.92,687779.97,0.0,1021.0,1.0,0.0,26211.0,0.0,8932276.0
2023-03-01,625.3,1291885.0,6678.0,107.0,17235.36,107.57,34498.0,1923.0,34.05,858095.71,0.0,0.0,0.0,0.0,23531.0,0.0,7688414.0
2023-03-02,624.71,1178186.0,6220.0,189.0,32454.12,122.52,51313.0,1798.0,36.86,722587.3,9.39,22270.0,84.0,23.0,32019.0,0.0,16644663.0
2023-03-03,1176.29,2037440.0,10045.0,258.0,45766.5,134.88,73564.0,1573.0,38.78,767345.43,54.44,183190.0,471.0,68.0,33976.0,0.0,20404798.0
2023-03-04,1316.16,2148661.0,12311.0,365.0,64306.38,140.11,82531.0,1590.0,31.77,707556.78,64.72,209738.0,439.0,56.0,39213.0,0.0,29121550.0
2023-03-05,1247.77,2077741.0,12009.0,263.0,44991.42,163.41,83298.0,1696.0,29.65,589293.54,64.19,233808.0,535.0,29.0,32920.0,0.0,18608399.0
2023-03-06,1126.75,2199940.0,9916.0,215.0,36763.68,154.73,60006.0,1705.0,22.74,450998.71,65.21,226765.0,504.0,33.0,34451.0,0.0,14821226.0
2023-03-07,1334.5,2556459.0,12083.0,187.0,33040.68,159.8,53727.0,1799.0,26.01,563946.97,64.74,194057.0,466.0,35.0,34238.0,0.0,12786275.0
2023-03-08,1276.4,2192198.0,10650.0,175.0,32205.54,147.12,49865.0,1674.0,37.1,743844.28,65.1,207040.0,456.0,24.0,31005.0,0.0,12204221.0
2023-03-09,1480.35,2232420.0,9539.0,233.0,43613.58,143.65,55019.0,1701.0,28.9,644455.17,70.55,198057.0,407.0,20.0,34863.0,0.0,16051129.0
2023-03-10,1204.2,1752636.0,9140.0,141.0,24700.86,120.47,60919.0,1318.0,14.75,328159.74,87.01,288372.0,474.0,24.0,30125.0,0.0,11164963.0
2023-03-11,1189.38,1706972.0,10466.0,119.0,22843.8,118.9,60751.0,1270.0,19.5,393946.42,84.52,260297.0,472.0,22.0,27744.0,0.0,10709308.0
2023-03-12,1190.7,1644494.0,10443.0,154.0,28423.56,111.68,64748.0,1324.0,28.55,573839.49,84.8,262516.0,454.0,28.0,29606.0,0.0,11779174.0
2023-03-13,911.4,1203056.0,6753.0,218.0,36551.88,70.37,55139.0,713.0,3.35,76633.54,100.26,288612.0,593.0,65.0,35161.0,0.0,15687040.0
2023-03-14,992.86,1354861.0,6519.0,237.0,43032.36,128.98,135554.0,1402.0,20.66,508537.65,153.1,394056.0,878.0,71.0,51909.0,0.0,23126430.0
2023-03-15,1185.19,1818447.0,7556.0,183.0,33540.66,202.3,131516.0,1716.0,22.07,553081.52,186.79,565790.0,1327.0,74.0,37020.0,0.0,14731589.0
2023-03-16,1224.66,1898544.0,8514.0,161.0,26261.94,169.05,123627.0,1646.0,17.76,346385.19,175.47,479778.0,1199.0,37.0,32170.0,0.0,11390592.0
2023-03-17,1228.78,1763361.0,8784.0,134.0,21717.24,224.17,126475.0,1378.0,12.9,243346.95,199.12,591505.0,1462.0,40.0,28834.0,0.0,9155030.0
2023-03-18,1365.99,1911382.0,11603.0,103.0,19071.48,242.24,175228.0,1899.0,19.48,387660.91,231.32,756375.0,1720.0,42.0,28345.0,0.0,8023885.0
2023-03-19,1409.23,1988133.0,12508.0,142.0,25507.44,249.14,190659.0,2259.0,22.1,455450.68,232.08,768570.0,1573.0,52.0,31351.0,0.0,9569935.0
2023-03-20,1190.72,1583653.0,10314.0,119.0,19732.74,245.52,153591.0,1893.0,19.26,491827.97,235.32,753873.0,1492.0,46.0,30776.0,0.0,8238882.0
2023-03-21,1284.53,1715251.0,9743.0,101.0,18529.56,240.72,158706.0,1978.0,13.96,367192.07,165.7,527103.0,976.0,21.0,28063.0,0.0,8327712.0
2023-03-22,1154.9,1476002.0,9002.0,127.0,21173.46,216.59,151365.0,1813.0,15.87,472242.72,70.17,197462.0,397.0,30.0,27691.0,0.0,9899796.0
2023-03-23,1269.7,1541212.0,9573.0,204.0,32244.36,265.94,175477.0,2153.0,15.92,371186.14,154.07,498450.0,1078.0,68.0,36095.0,0.0,13741610.0
2023-03-24,1410.42,1740454.0,11678.0,213.0,34117.98,231.27,144730.0,1565.0,15.58,296919.09,143.77,439426.0,744.0,0.0,40665.0,0.0,13066427.0
2023-03-25,1446.83,1879010.0,13411.0,189.0,30394.92,226.8,169711.0,1670.0,19.89,508517.28,140.17,439507.0,772.0,0.0,42483.0,0.0,13899146.0
2023-03-26,1459.93,2002877.0,14628.0,236.0,39719.04,250.24,206024.0,2044.0,22.5,582303.77,133.13,462949.0,713.0,0.0,41566.0,0.0,16955723.0
2023-03-27,1149.25,1716622.0,10532.0,122.0,22106.34,203.42,129527.0,1795.0,26.62,540996.79,109.64,366938.0,611.0,0.0,36853.0,0.0,8366473.0
2023-03-28,1149.59,1605120.0,10136.0,105.0,17665.44,197.57,138202.0,1978.0,22.91,452703.81,98.79,300094.0,469.0,0.0,33819.0,0.0,8095309.0
2023-03-29,995.82,1331406.0,8536.0,146.0,22791.48,151.67,123091.0,2021.0,16.83,433962.17,72.94,192095.0,1378.0,28.0,37243.0,0.0,9935241.0
2023-03-30,1026.76,1292367.0,8199.0,142.0,27750.9,198.78,136756.0,2514.0,25.1,634385.51,80.17,210441.0,972.0,36.0,35996.0,0.0,12675849.0
2023-03-31,882.39,1092386.0,6791.0,186.0,32958.24,225.98,145326.0,2520.0,26.56,655184.34,64.62,168723.0,835.0,36.0,36628.0,0.0,14926525.0
2023-04-01,516.52,708324.0,6958.0,177.0,32710.2,184.3,131225.0,2393.0,29.24,746705.84,31.54,119989.0,1175.0,33.0,36149.0,0.0,16412704.0
2023-04-02,494.67,774108.0,8939.0,269.0,50724.78,181.72,117419.0,2426.0,32.5,832951.98,32.93,69339.0,564.0,45.0,37849.0,0.0,21588342.0
2023-04-03,417.26,577638.0,6689.0,118.0,19630.56,186.63,89801.0,2410.0,23.48,546330.63,31.17,116959.0,879.0,29.0,31374.0,0.0,10138588.0
2023-04-04,441.92,669740.0,6442.0,127.0,21469.56,151.83,93435.0,2264.0,30.54,829847.31,31.94,63196.0,428.0,12.0,29645.0,0.0,8800327.0
2023-04-05,500.31,803234.0,5674.0,121.0,22298.4,162.5,116769.0,1897.0,34.02,1027790.15,28.02,54091.0,333.0,31.0,29534.0,0.0,8849880.0
2023-04-06,402.45,772465.0,3805.0,191.0,36616.2,160.84,131991.0,2093.0,23.21,478396.63,9.72,19384.0,104.0,20.0,30805.0,0.0,19772020.0
2023-04-07,666.29,1064130.0,7980.0,155.0,26201.7,224.43,162660.0,2343.0,38.77,768137.03,55.17,149051.0,827.0,44.0,30813.0,0.0,10803998.0
2023-04-08,652.37,1085193.0,9161.0,150.0,24987.6,191.21,155486.0,2434.0,25.69,744751.98,84.68,238510.0,1196.0,44.0,30811.0,0.0,10439871.0
2023-04-09,598.68,1073070.0,8826.0,166.0,30475.32,199.26,174260.0,2651.0,27.67,717326.41,82.9,264535.0,849.0,49.0,32862.0,0.0,11797889.0
2023-04-10,291.39,457327.0,5343.0,137.0,24340.38,201.54,154080.0,2423.0,16.54,465635.05,43.43,134127.0,394.0,26.0,33698.0,0.0,11710678.0
2023-04-11,319.91,425563.0,5661.0,131.0,24887.94,198.08,157456.0,2450.0,27.63,631921.12,23.51,89758.0,114.0,0.0,31057.0,0.0,10036528.0
2023-04-12,476.94,810381.0,5861.0,105.0,18959.1,212.15,172925.0,3072.0,25.58,486491.73,31.22,104033.0,380.0,12.0,33528.0,0.0,9855993.0
2023-04-13,638.4,1007541.0,5908.0,129.0,22797.72,201.34,138039.0,2628.0,34.66,831261.33,45.7,134107.0,854.0,10.0,35170.0,0.0,12624551.0
2023-04-14,642.33,990096.0,5867.0,131.0,23492.34,158.81,136899.0,2690.0,26.85,604114.34,52.2,137055.0,593.0,14.0,33113.0,0.0,12923187.0
2023-04-15,721.99,1144630.0,6801.0,164.0,31120.02,191.86,178792.0,2757.0,37.86,1029997.07,85.48,213396.0,1076.0,43.0,34574.0,0.0,13731911.0
2023-04-16,757.03,1228040.0,7919.0,188.0,37427.58,207.98,185124.0,2956.0,37.78,1158437.37,74.18,205499.0,934.0,63.0,38481.0,0.0,17692180.0
2023-04-17,657.25,1065509.0,7165.0,177.0,36209.04,154.26,106186.0,2625.0,38.43,1098040.4,78.37,265737.0,557.0,42.0,37413.0,0.0,16707159.0
2023-04-18,744.49,1121291.0,8019.0,146.0,29957.28,125.81,95903.0,2732.0,27.31,747989.87,85.88,297550.0,600.0,33.0,36769.0,0.0,13815795.0
2023-04-19,714.25,1066777.0,6677.0,152.0,34164.6,97.12,88709.0,2234.0,24.12,625009.21,89.54,285810.0,463.0,35.0,33194.0,0.0,13982869.0
2023-04-20,717.88,1019751.0,6812.0,173.0,36140.46,121.01,88150.0,2191.0,32.97,895015.98,118.89,371334.0,547.0,46.0,36389.0,0.0,15476574.0
2023-04-21,800.17,1080620.0,7336.0,177.0,35328.18,96.5,80468.0,2106.0,23.93,637427.67,111.43,328347.0,455.0,40.0,33766.0,0.0,15732824.0
2023-04-22,1018.44,1322251.0,10120.0,310.0,60242.16,87.86,83877.0,1668.0,8.43,204830.09,111.03,329137.0,512.0,73.0,40296.0,0.0,25143039.0
2023-04-23,872.69,1319165.0,8277.0,294.0,62266.92,120.89,106107.0,2246.0,31.61,932156.69,102.16,357021.0,559.0,58.0,40353.0,0.0,23841321.0
2023-04-24,698.96,1051246.0,7982.0,176.0,35352.54,103.73,67948.0,1822.0,27.81,657627.21,64.54,236722.0,366.0,1.0,38887.0,0.0,16073676.0
2023-04-25,726.74,1165972.0,7424.0,172.0,32230.2,94.65,64914.0,1470.0,13.58,328780.1,62.89,203263.0,298.0,0.0,34483.0,0.0,12783620.0
2023-04-26,1092.33,2003875.0,7886.0,157.0,33754.68,94.01,66330.0,1421.0,19.88,527283.08,62.49,206949.0,290.0,0.0,37870.0,0.0,15015848.0
2023-04-27,1308.49,2245924.0,8287.0,170.0,32637.78,162.83,80793.0,1629.0,19.7,496027.29,96.57,296845.0,518.0,28.0,39016.0,0.0,14254196.0
2023-04-28,898.43,1342871.0,9784.0,205.0,44933.94,202.45,91310.0,1943.0,44.13,874357.57,119.88,349467.0,584.0,45.0,43240.0,0.0,21029108.0
2023-04-29,805.49,1182401.0,9368.0,377.0,81782.1,212.65,112741.0,1961.0,23.18,630167.65,132.65,400028.0,763.0,62.0,52166.0,0.0,40959786.0
2023-04-30,778.69,1169636.0,9097.0,363.0,77347.68,205.8,108020.0,1967.0,29.48,772863.02,137.3,483586.0,1005.0,71.0,48769.0,0.0,39108860.0
2023-05-01,492.45,890666.0,6413.0,362.0,74064.84,160.15,89081.0,2170.0,30.11,681622.1,115.45,446518.0,1068.0,92.0,44535.0,0.0,37161588.0
2023-05-02,504.87,872607.0,5731.0,216.0,45895.44,163.88,79717.0,2176.0,22.68,645436.77,86.27,333217.0,605.0,41.0,42606.0,0.0,21320133.0
2023-05-03,587.92,966504.0,7238.0,200.0,38544.66,114.54,52851.0,2023.0,18.1,448868.61,15.27,46206.0,98.0,19.0,42929.0,0.0,17180614.0
2023-05-04,731.64,1196694.0,10131.0,200.0,39604.62,138.31,60722.0,2045.0,25.21,587062.29,86.62,283291.0,660.0,37.0,45780.0,0.0,18199809.0
2023-05-05,859.96,1317633.0,9752.0,189.0,41392.14,183.1,96844.0,2057.0,29.72,670730.77,65.67,224147.0,384.0,23.0,43571.0,0.0,16969162.0
2023-05-06,997.67,1438645.0,13207.0,303.0,56040.36,165.18,101095.0,2016.0,22.15,643390.76,82.63,313629.0,493.0,69.0,51745.0,0.0,21894398.0
2023-05-07,948.18,1439327.0,11000.0,499.0,108225.0,180.03,116491.0,2302.0,26.03,633323.1,79.74,313807.0,536.0,52.0,52024.0,0.0,34635480.0
2023-05-08,621.27,913931.0,9072.0,204.0,39718.62,202.94,168126.0,2867.0,39.83,1054289.88,155.91,474403.0,1230.0,60.0,52944.0,0.0,19271557.0
2023-05-09,630.18,953469.0,10494.0,191.0,36421.86,236.36,194240.0,2980.0,32.22,645809.16,100.63,341870.0,766.0,61.0,48770.0,0.0,17561300.0
2023-05-10,778.61,1342337.0,10541.0,229.0,43023.66,218.4,170210.0,2740.0,48.06,771763.1,80.77,256584.0,449.0,38.0,43389.0,0.0,20221287.0
2023-05-11,822.75,1326093.0,8770.0,146.0,29250.24,200.14,96761.0,2140.0,21.34,626602.41,101.22,300497.0,720.0,47.0,39722.0,0.0,12824443.0
2023-05-12,850.15,1325786.0,8128.0,121.0,25499.16,164.02,107397.0,2041.0,26.13,523983.58,94.03,286997.0,593.0,30.0,34584.0,0.0,10372984.0
2023-05-13,833.4,1375165.0,8116.0,123.0,22188.06,158.03,108484.0,2019.0,7.9,153453.94,106.01,337897.0,642.0,31.0,31211.0,0.0,9731764.0
2023-05-14,749.2,1458799.0,8626.0,97.0,19770.0,207.46,149766.0,2570.0,18.31,499527.79,100.03,369377.0,676.0,23.0,34210.0,0.0,9244668.0
2023-05-15,583.3,1092490.0,9502.0,138.0,28811.46,160.59,100537.0,2577.0,24.3,641089.03,45.27,145598.0,225.0,17.0,36360.0,0.0,11010555.0
2023-05-16,574.68,1040834.0,8323.0,148.0,28501.08,174.88,119733.0,2565.0,25.67,729194.05,44.54,148949.0,202.0,13.0,34771.0,0.0,10785108.0
2023-05-17,579.38,973707.0,7573.0,114.0,21203.22,167.94,122554.0,2663.0,25.37,580164.92,84.57,288784.0,395.0,14.0,32163.0,0.0,9125026.0
2023-05-18,597.44,857159.0,6489.0,121.0,22065.42,182.02,131228.0,3150.0,25.61,539037.21,151.9,493291.0,1258.0,18.0,36486.0,0.0,10621462.0
2023-05-19,610.46,983486.0,5718.0,122.0,20835.6,185.62,128562.0,2768.0,23.58,465649.88,173.15,604669.0,1442.0,22.0,30004.0,0.0,8678213.0
2023-05-20,772.43,1275010.0,7033.0,101.0,17889.6,181.88,125166.0,2740.0,24.28,501551.77,173.71,606754.0,1575.0,26.0,33030.0,0.0,8872160.0
2023-05-21,806.28,1414505.0,9531.0,121.0,26599.86,227.55,148011.0,3297.0,31.42,772509.14,154.19,595568.0,1660.0,27.0,36605.0,0.0,10485810.0
2023-05-22,662.46,1077117.0,7406.0,159.0,29984.88,211.05,120763.0,3534.0,37.43,988914.84,148.54,529623.0,1251.0,29.0,40879.0,0.0,12546772.0
2023-05-23,637.48,920042.0,7999.0,115.0,23953.08,210.4,108055.0,3273.0,28.63,748988.28,186.53,648717.0,1789.0,22.0,39298.0,0.0,9963022.0
2023-05-24,799.26,1291262.0,8545.0,101.0,22730.52,209.21,112663.0,3176.0,34.52,857645.93,253.94,850472.0,3239.0,48.0,39214.0,0.0,9173789.0
2023-05-25,801.13,1172640.0,8453.0,100.0,17725.74,181.45,103653.0,3150.0,26.97,716670.87,240.56,648089.0,2212.0,27.0,38986.0,0.0,8393236.0
2023-05-26,898.4,1297832.0,8040.0,76.0,13191.9,187.48,94956.0,2710.0,24.5,596156.34,186.4,523729.0,1899.0,16.0,34661.0,0.0,6574144.0
2023-05-27,868.07,1310793.0,8158.0,79.0,13726.2,204.0,128028.0,2733.0,29.43,635220.06,235.39,623634.0,1931.0,23.0,35368.0,0.0,6699019.0
2023-05-28,944.48,1578393.0,8880.0,141.0,26728.68,205.04,129804.0,2836.0,35.92,843803.92,337.65,1026287.0,2713.0,112.0,54897.0,0.0,10063413.0
2023-05-29,3066.79,1563643.0,24074.0,1228.0,249652.62,673.51,223330.0,8705.0,113.07,2937316.63,462.86,788135.0,2727.0,131.0,200579.0,0.0,99220770.0
2023-05-30,3575.09,2204393.0,21621.0,1176.0,228410.1,1113.72,307769.0,11045.0,140.34,3518921.79,1200.07,891253.0,3973.0,212.0,122400.0,0.0,78705491.0
2023-05-31,2801.6,1621269.0,14054.0,1423.0,266995.2,843.11,190431.0,8079.0,118.76,2825199.71,647.8,334640.0,1579.0,201.0,100236.0,0.0,97562906.0
2023-06-01,1771.69,1701812.0,16609.0,498.0,83697.72,645.5,161118.0,6058.0,65.15,1516345.09,301.9,377874.0,1154.0,38.0,61161.0,0.0,28172454.0
2023-06-02,1142.82,1412615.0,15190.0,225.0,40084.02,357.03,172224.0,4135.0,45.17,857212.43,227.71,687529.0,1523.0,26.0,44474.0,0.0,13497933.0
2023-06-03,1167.07,1488671.0,15340.0,227.0,43531.02,354.41,176306.0,4334.0,24.04,586781.71,302.68,813928.0,1727.0,51.0,43582.0,0.0,14152156.0
2023-06-04,1083.52,1442477.0,13505.0,237.0,45114.9,361.76,233176.0,5853.0,52.38,1290010.19,247.97,665558.0,1469.0,56.0,46653.0,0.0,15423606.0
2023-06-05,202.11,499490.0,2408.0,87.0,15384.36,133.8,109316.0,3201.0,22.8,465642.93,0.0,0.0,0.0,3.0,33003.0,0.0,7426295.0
2023-06-06,293.15,761954.0,4138.0,52.0,8739.24,132.49,95141.0,3083.0,25.7,521697.47,0.0,0.0,0.0,0.0,29968.0,0.0,5905396.0
2023-06-07,482.31,855761.0,5816.0,93.0,18210.6,110.26,86198.0,2953.0,17.91,493870.61,15.62,82395.0,165.0,0.0,30110.0,0.0,7615028.0
2023-06-08,606.45,1198238.0,7791.0,85.0,15521.46,112.74,102890.0,3057.0,19.31,495345.68,27.5,125227.0,232.0,3.0,32011.0,0.0,6796011.0
2023-06-09,723.52,1463278.0,7581.0,84.0,16309.44,95.99,91967.0,2568.0,19.97,504921.78,44.67,154811.0,297.0,7.0,30285.0,0.0,6533008.0
2023-06-10,917.12,1753330.0,9198.0,160.0,31007.22,123.81,113909.0,2651.0,11.0,279793.0,44.43,148285.0,255.0,25.0,30395.0,0.0,11602127.0
2023-06-11,838.09,1587876.0,8293.0,134.0,29560.5,173.73,115026.0,3304.0,16.3,415818.16,44.06,151193.0,278.0,19.0,33923.0,0.0,12467383.0
2023-06-12,639.14,1159151.0,6936.0,119.0,24994.08,150.51,84222.0,2882.0,18.39,440847.94,46.39,152391.0,239.0,17.0,32309.0,0.0,9137710.0
2023-06-13,668.99,1292531.0,6517.0,102.0,18485.94,131.63,79867.0,3185.0,19.35,428340.48,113.18,390126.0,634.0,27.0,30019.0,0.0,8104784.0
2023-06-14,776.38,1325021.0,8646.0,311.0,56308.62,157.25,88030.0,3467.0,50.63,1435405.5,137.73,454203.0,745.0,47.0,48954.0,0.0,21604598.0
2023-06-15,785.43,1272985.0,8495.0,309.0,55355.94,163.83,87323.0,3695.0,47.82,979532.03,136.38,436430.0,679.0,42.0,44420.0,0.0,21463709.0
2023-06-16,787.6,1300169.0,7389.0,205.0,34377.66,174.67,95884.0,3359.0,26.54,516285.84,122.98,341258.0,606.0,21.0,36416.0,0.0,14007568.0
2023-06-17,764.75,1334309.0,7462.0,217.0,40902.54,181.3,101681.0,3241.0,37.58,814783.25,100.75,271443.0,473.0,19.0,36681.0,0.0,14869026.0
2023-06-18,718.48,1249650.0,7705.0,249.0,46683.12,191.11,92335.0,3231.0,25.89,650454.84,48.5,135926.0,255.0,20.0,31978.0,0.0,16826635.0
2023-06-19,496.19,746570.0,6504.0,132.0,21223.86,191.78,109959.0,3616.0,15.04,349421.27,41.76,140161.0,223.0,13.0,45044.0,0.0,8912298.0
2023-06-20,552.26,968304.0,8195.0,99.0,15058.74,183.88,103811.0,3386.0,14.06,364627.03,64.91,241599.0,317.0,15.0,38083.0,0.0,6707748.0
2023-06-21,663.47,1298653.0,9920.0,113.0,18832.14,171.86,109499.0,3377.0,25.83,520300.06,80.43,265597.0,402.0,5.0,35913.0,0.0,8578090.0
2023-06-22,644.14,1304442.0,9499.0,129.0,21971.82,178.37,106109.0,3764.0,28.49,622789.52,80.92,300689.0,475.0,0.0,34828.0,0.0,8380062.0
2023-06-23,548.54,1089247.0,7832.0,101.0,21151.38,156.97,111511.0,3399.0,25.12,411995.45,125.0,572572.0,875.0,0.0,31825.0,0.0,8942391.0
2023-06-24,744.19,1429557.0,9414.0,108.0,18081.42,157.17,110122.0,3119.0,24.98,450359.78,127.98,597836.0,872.0,0.0,31355.0,0.0,8549197.0
2023-06-25,753.3,1461276.0,9543.0,123.0,21074.4,171.94,127086.0,3672.0,27.89,643356.89,104.51,532907.0,885.0,0.0,33650.0,0.0,8663777.0
2023-06-26,521.11,986026.0,8786.0,125.0,21303.12,205.66,115086.0,4244.0,17.54,487848.83,83.28,396909.0,574.0,1.0,35646.0,0.0,11182723.0
2023-06-27,612.35,1044042.0,8283.0,98.0,16494.36,167.74,85989.0,3188.0,16.07,421728.03,144.06,588687.0,1154.0,3.0,32755.0,0.0,6754477.0
2023-06-28,749.99,1215803.0,8039.0,114.0,23412.18,141.15,70955.0,3275.0,19.23,554263.85,167.68,614417.0,1201.0,5.0,33165.0,0.0,8791251.0
2023-06-29,914.7,1361572.0,7777.0,120.0,22016.4,174.39,91612.0,3380.0,9.43,96863.04,239.52,752458.0,1697.0,0.0,32417.0,7.0,8701607.0
2023-06-30,813.27,1213696.0,6655.0,141.0,26486.28,149.37,88121.0,3259.0,9.71,146940.96,178.33,531933.0,1155.0,0.0,32710.0,4.0,10929675.0
2023-07-01,578.35,1212572.0,8724.0,106.0,21678.0,90.19,87791.0,3032.0,15.0,248396.0,50.02,137116.0,418.0,0.0,29968.0,5.0,9286118.0
2023-07-02,595.92,1224777.0,10811.0,151.0,29716.62,127.82,124072.0,3842.0,12.49,142788.63,33.3,96908.0,306.0,0.0,37720.0,10.0,13106342.0
2023-07-03,484.72,904366.0,8976.0,153.0,31675.14,107.31,82345.0,3757.0,4.38,53883.86,44.93,134606.0,404.0,0.0,35958.0,2.0,12134620.0
2023-07-04,468.96,813470.0,8278.0,132.0,26043.72,96.83,74228.0,3082.0,5.82,31545.24,25.68,59597.0,194.0,0.0,26784.0,2.0,10296277.0
2023-07-05,375.62,618217.0,6182.0,143.0,23721.72,65.71,54983.0,2496.0,11.88,205942.21,35.74,182769.0,349.0,0.0,27172.0,7.0,11889680.0
2023-07-06,452.9,816932.0,6846.0,158.0,29164.8,82.98,75164.0,2532.0,7.09,73685.0,42.43,257792.0,450.0,0.0,27345.0,8.0,14282989.0
2023-07-07,518.46,930623.0,10807.0,231.0,40662.54,113.63,82677.0,2992.0,10.49,124471.88,56.88,247573.0,599.0,1.0,43459.0,38.0,17097114.0
2023-07-08,551.22,1112300.0,10991.0,115.0,20194.02,125.69,106367.0,2658.0,13.04,106378.79,93.76,385036.0,817.0,0.0,27255.0,7.0,9565593.0
2023-07-09,589.73,1212188.0,12524.0,107.0,21659.28,185.25,143769.0,3355.0,23.59,291400.0,97.67,517628.0,1042.0,0.0,26293.0,5.0,9138681.0
2023-07-10,553.94,1186048.0,10913.0,113.0,23736.12,211.89,231471.0,3963.0,27.89,150990.0,74.72,406832.0,895.0,0.0,28169.0,3.0,10414066.0
2023-07-11,576.96,1165684.0,10682.0,162.0,26703.06,179.37,163031.0,3588.0,17.77,333176.0,72.83,379888.0,873.0,0.0,31153.0,8.0,11134468.0
2023-07-12,401.02,762227.0,6806.0,118.0,20523.18,133.62,98810.0,1921.0,20.37,265175.34,60.76,306533.0,753.0,0.0,26711.0,181.0,9263491.0
2023-07-13,614.61,1219051.0,12122.0,102.0,17258.82,113.61,85649.0,2638.0,28.63,284801.83,49.7,235817.0,610.0,0.0,30782.0,270.0,9883743.0
2023-07-14,675.91,1347130.0,11903.0,204.0,31325.64,138.91,108977.0,2534.0,35.48,416395.63,133.69,470763.0,1124.0,0.0,32298.0,484.0,13404723.0
2023-07-15,784.04,1702990.0,11764.0,209.0,28484.94,138.81,86086.0,1893.0,42.12,326323.5,43.14,193118.0,401.0,0.0,29053.0,448.0,11495857.0
2023-07-16,842.12,1867673.0,12741.0,218.0,32010.3,136.04,89681.0,2020.0,33.13,496784.94,45.4,222132.0,395.0,0.0,32307.0,459.0,12418270.0
2023-07-17,683.07,1512622.0,10865.0,120.0,18505.32,103.76,63056.0,2160.0,27.84,214590.4,21.33,111622.0,184.0,0.0,32818.0,285.0,8210463.0
2023-07-18,717.26,1463368.0,10393.0,112.0,19907.52,106.9,67131.0,2255.0,26.3,84379.37,21.35,99659.0,156.0,0.0,32362.0,249.0,8926747.0
2023-07-19,1495.6,2405219.0,15440.0,119.0,20785.98,114.24,83508.0,2627.0,19.61,103979.0,20.93,91837.0,152.0,0.0,41010.0,266.0,8651963.0
2023-07-20,699.76,1181067.0,8012.0,146.0,29751.36,123.81,77896.0,2528.0,25.2,182144.8,20.39,90793.0,150.0,0.0,33080.0,324.0,11332724.0
2023-07-21,694.12,1164112.0,8598.0,100.0,20343.72,117.04,89585.0,2483.0,25.4,359987.03,29.35,142891.0,233.0,0.0,27493.0,226.0,7889250.0
2023-07-22,684.07,1250452.0,9881.0,80.0,14143.5,102.97,89679.0,2398.0,21.48,235463.12,44.56,227323.0,331.0,0.0,27435.0,213.0,7629594.0
2023-07-23,662.0,1103417.0,9913.0,111.0,18964.14,154.54,113777.0,3480.0,34.46,323000.49,43.18,217607.0,329.0,0.0,30467.0,261.0,8922341.0
2023-07-24,588.73,846120.0,8435.0,120.0,20806.14,123.91,74254.0,2935.0,31.33,159647.22,24.51,121559.0,161.0,0.0,30707.0,280.0,9359214.0
2023-07-25,705.34,1258449.0,7937.0,86.0,17308.5,123.6,72723.0,2834.0,14.25,133604.73,24.84,114925.0,165.0,0.0,27226.0,242.0,8737468.0
2023-07-26,691.25,1188471.0,7146.0,86.0,16562.34,126.59,83356.0,2718.0,22.9,91782.53,45.89,166145.0,384.0,13.0,26237.0,233.0,7720283.0
2023-07-27,919.63,1543363.0,8917.0,112.0,22666.62,141.28,97211.0,3035.0,28.12,401814.09,66.18,226136.0,632.0,20.0,29609.0,276.0,10335836.0
2023-07-28,1402.89,2051217.0,12083.0,116.0,24951.42,143.94,84901.0,2991.0,24.93,266046.43,98.07,216832.0,475.0,31.0,28222.0,250.0,8769534.0
2023-07-29,1176.09,1846613.0,11443.0,199.0,40812.06,169.6,100575.0,3411.0,47.54,282743.19,109.33,252737.0,607.0,33.0,32202.0,430.0,15593748.0
2023-07-30,956.04,1610602.0,11564.0,402.0,74486.88,237.03,124297.0,4057.0,57.73,425357.25,106.9,378467.0,896.0,76.0,35934.0,802.0,27286411.0
2023-07-31,834.29,1253915.0,7674.0,133.0,23950.68,198.0,87370.0,3323.0,36.74,420879.83,79.87,325766.0,553.0,12.0,30061.0,290.0,9188764.0
2023-08-01,665.86,1387762.0,6904.0,118.0,22408.68,157.83,79642.0,2728.0,36.08,372840.03,67.98,274975.0,450.0,33.0,29615.0,287.0,9901359.0
2023-08-02,681.59,1473282.0,7193.0,135.0,26299.56,75.31,43644.0,1139.0,7.79,49662.67,35.54,140150.0,221.0,2.0,28220.0,297.0,11192071.0
2023-08-03,633.53,1273685.0,6295.0,132.0,24693.36,162.06,91331.0,2499.0,29.33,292045.99,34.2,126507.0,194.0,0.0,28804.0,323.0,11238763.0
2023-08-04,661.72,1366883.0,6778.0,115.0,23246.04,215.31,79894.0,2940.0,48.92,340079.15,30.16,108583.0,217.0,0.0,26528.0,278.0,10536901.0
2023-08-05,885.89,1928359.0,9543.0,94.0,19672.14,168.95,57186.0,2699.0,44.88,507011.66,0.0,0.0,0.0,0.0,26442.0,255.0,9862971.0
2023-08-06,814.33,1856534.0,6812.0,124.0,24664.14,162.81,51679.0,2530.0,39.03,268317.04,0.0,0.0,0.0,0.0,28260.0,310.0,12318834.0
2023-08-07,2040.37,2586169.0,33617.0,569.0,91253.58,467.2,165630.0,5039.0,76.43,573615.0,172.86,421829.0,2383.0,199.0,120073.0,1099.0,33048910.0
2023-08-08,1908.5,2660270.0,27493.0,442.0,68259.78,570.67,210163.0,5568.0,70.59,328004.73,313.98,763224.0,3199.0,225.0,75644.0,835.0,24022407.0
2023-08-09,2055.22,2872413.0,21826.0,588.0,89248.68,606.63,178225.0,4688.0,72.58,478617.98,333.19,851991.0,3119.0,202.0,84905.0,1060.0,30899140.0
2023-08-10,707.49,1340128.0,7176.0,254.0,39263.22,126.61,56072.0,1606.0,24.59,147251.83,20.98,82537.0,128.0,11.0,32475.0,477.0,13781383.0
2023-08-11,822.64,1349722.0,11067.0,201.0,29827.74,107.03,54825.0,1745.0,20.53,169190.09,41.96,154008.0,224.0,3.0,28701.0,385.0,11047010.0
2023-08-12,946.04,1589730.0,13712.0,200.0,30008.94,86.15,42609.0,1277.0,14.37,111951.91,41.94,153974.0,227.0,2.0,27692.0,414.0,12847878.0
2023-08-13,1002.61,1690073.0,15607.0,234.0,38921.7,155.16,99566.0,2246.0,27.28,269326.3,40.93,165229.0,229.0,4.0,31161.0,454.0,14542807.0
2023-08-14,596.48,1114213.0,9443.0,91.0,16557.6,126.97,69559.0,1787.0,25.21,320615.58,41.86,172969.0,270.0,1.0,31423.0,227.0,7187562.0
2023-08-15,485.38,799329.0,10329.0,75.0,14430.42,145.26,95574.0,1882.0,22.4,73820.84,39.87,170751.0,312.0,0.0,30847.0,203.0,7438002.0
2023-08-16,595.11,1146399.0,10750.0,108.0,17459.58,135.61,73889.0,1886.0,23.72,95670.94,32.17,123342.0,212.0,0.0,31975.0,280.0,9022662.0
2023-08-17,651.76,1230881.0,10634.0,134.0,21251.82,102.44,68348.0,2109.0,22.67,148314.85,0.0,0.0,0.0,0.0,29858.0,300.0,9100616.0
2023-08-18,718.53,1300568.0,9813.0,106.0,18309.54,127.89,78030.0,2135.0,23.51,336413.87,23.25,87923.0,158.0,0.0,25068.0,258.0,8443584.0
2023-08-19,846.52,1673290.0,12850.0,180.0,31915.38,126.5,96537.0,2183.0,28.01,249609.23,46.43,210520.0,366.0,0.0,28069.0,370.0,12103470.0
2023-08-20,873.96,1749029.0,14322.0,193.0,34234.26,134.25,112206.0,2246.0,28.69,147719.26,47.79,230714.0,429.0,0.0,31659.0,399.0,13773222.0
2023-08-21,653.3,1298488.0,11426.0,161.0,29858.46,135.97,94325.0,2474.0,28.83,255800.84,47.09,225574.0,405.0,0.0,28700.0,311.0,10212500.0
2023-08-22,485.33,890315.0,9425.0,163.0,27974.88,117.26,87017.0,2697.0,38.87,468445.99,48.1,212974.0,394.0,0.0,29262.0,348.0,11011998.0
2023-08-23,493.39,793082.0,8592.0,215.0,35067.24,112.95,85993.0,2522.0,32.5,114858.97,47.86,190478.0,343.0,0.0,29030.0,459.0,13830519.0
2023-08-24,563.88,830897.0,8850.0,180.0,29087.58,109.57,69540.0,2328.0,37.17,387848.71,59.02,218472.0,444.0,0.0,30749.0,405.0,12360889.0
2023-08-25,735.73,1087376.0,11494.0,293.0,39427.98,132.62,93368.0,2440.0,23.88,175464.97,79.73,333185.0,565.0,0.0,38042.0,644.0,16261378.0
2023-08-26,729.74,1241678.0,12817.0,228.0,35375.28,141.98,94027.0,2402.0,46.93,191375.04,81.44,409760.0,843.0,0.0,38684.0,496.0,13343421.0
2023-08-27,718.17,1249602.0,13339.0,276.0,37060.38,147.46,94973.0,2082.0,37.87,76488.77,67.18,376911.0,752.0,0.0,36076.0,520.0,14609674.0
2023-08-28,765.27,1366268.0,11616.0,111.0,19048.44,212.05,121121.0,3454.0,27.45,369516.17,58.35,316580.0,660.0,0.0,35594.0,245.0,8468651.0
2023-08-29,665.75,1033246.0,10014.0,143.0,23155.32,237.11,120732.0,3165.0,28.74,296966.28,55.96,294164.0,595.0,0.0,34647.0,289.0,9084368.0
2023-08-30,842.66,1424023.0,9526.0,270.0,40538.64,250.52,120333.0,3618.0,59.72,384782.74,45.33,222513.0,483.0,0.0,39172.0,612.0,16519887.0
2023-08-31,668.21,1039220.0,7751.0,258.0,47409.0,219.03,107672.0,3186.0,49.6,372204.78,31.32,158329.0,365.0,0.0,40213.0,574.0,18976423.0
2023-09-01,397.88,684258.0,6838.0,231.0,35234.7,183.65,96808.0,3909.0,57.76,441223.14,6.44,49198.0,95.0,0.0,37082.0,594.0,17850504.0
2023-09-02,543.65,1134700.0,8562.0,215.0,35807.58,189.6,103612.0,3361.0,43.3,510796.3,18.81,96061.0,191.0,0.0,38191.0,564.0,17518151.0
2023-09-03,531.3,1122830.0,9162.0,221.0,38852.04,186.44,107521.0,3208.0,60.99,403865.25,18.57,89989.0,216.0,0.0,36721.0,564.0,19738154.0
2023-09-04,541.32,1082402.0,7951.0,213.0,30610.56,212.76,93642.0,4036.0,69.62,579272.14,34.15,110481.0,142.0,0.0,37992.0,560.0,13789154.0
2023-09-05,638.91,1253705.0,8075.0,295.0,29519.34,202.33,80492.0,4467.0,89.2,787869.85,46.99,155891.0,167.0,0.0,100185.0,973.0,17045672.0
2023-09-06,631.26,1188508.0,7862.0,272.0,36468.96,195.59,78229.0,4609.0,104.11,1014496.62,48.47,159930.0,166.0,0.0,113358.0,748.0,18100909.0
2023-09-07,709.99,1241613.0,8929.0,341.0,35605.8,141.78,73199.0,3684.0,83.06,799139.38,49.2,155367.0,146.0,0.0,48959.0,765.0,16278246.0
2023-09-08,796.49,1278968.0,10057.0,344.0,42726.06,123.2,59442.0,3632.0,95.85,836206.33,48.45,147018.0,161.0,0.0,42206.0,714.0,17484675.0
2023-09-09,870.22,1464122.0,11942.0,212.0,35806.98,132.77,67989.0,3092.0,84.23,1063756.36,48.45,155883.0,182.0,0.0,36535.0,447.0,14872188.0
2023-09-10,948.42,1618362.0,14826.0,286.0,46671.06,157.03,76125.0,3225.0,87.07,1387681.81,47.7,167138.0,173.0,0.0,69186.0,568.0,18929872.0
2023-09-11,727.2,1259275.0,12343.0,205.0,26798.82,138.91,68430.0,3036.0,83.91,1331680.61,41.48,156706.0,184.0,0.0,40981.0,456.0,12388406.0
2023-09-12,692.78,1095130.0,10056.0,238.0,30635.7,141.31,71467.0,2952.0,78.64,1025291.76,41.51,145302.0,168.0,0.0,36371.0,490.0,12405720.0
2023-09-13,713.99,1092711.0,9814.0,284.0,37476.36,130.01,69348.0,2912.0,85.13,1442604.72,43.14,139241.0,157.0,0.0,36008.0,602.0,16008175.0
2023-09-14,807.97,1311545.0,10080.0,286.0,39816.06,133.13,69997.0,2954.0,71.66,830732.29,43.13,123807.0,153.0,0.0,37490.0,550.0,15540951.0
2023-09-15,808.6,1347642.0,9261.0,171.0,28140.66,126.21,68345.0,3015.0,56.55,771565.65,40.59,109487.0,144.0,0.0,32873.0,369.0,12370842.0
2023-09-16,834.66,1376716.0,9914.0,200.0,28459.02,125.4,79182.0,2293.0,64.25,912349.42,24.66,34761.0,0.0,0.0,32341.0,460.0,13732726.0
2023-09-17,747.02,1243820.0,8862.0,187.0,24558.72,105.51,53081.0,2227.0,56.45,817450.48,24.64,33420.0,0.0,0.0,26175.0,412.0,11832629.0
2023-09-18,629.02,959251.0,7644.0,179.0,26942.1,98.18,56104.0,2088.0,54.29,941847.65,24.24,30979.0,0.0,0.0,21271.0,355.0,11724147.0
2023-09-19,611.36,926192.0,9925.0,222.0,33856.2,116.61,60460.0,2480.0,93.88,1541077.5,23.82,41912.0,0.0,0.0,26854.0,470.0,15169063.0
2023-09-20,530.47,903480.0,8724.0,430.0,58614.6,116.47,45791.0,2818.0,89.66,1114927.69,20.65,34818.0,0.0,0.0,53830.0,1036.0,28720638.0
2023-09-21,639.15,1150272.0,9436.0,288.0,48993.18,124.02,47477.0,3014.0,97.05,1594530.52,16.42,22734.0,0.0,0.0,50144.0,776.0,25875139.0
2023-09-22,758.97,1235713.0,9684.0,285.0,42611.64,169.52,69174.0,3785.0,98.59,1319307.62,45.07,137906.0,237.0,0.0,45422.0,620.0,20456762.0
2023-09-23,772.55,1258739.0,9220.0,218.0,34216.38,153.35,49337.0,2712.0,77.29,826742.92,61.2,219602.0,446.0,0.0,35756.0,522.0,17103927.0
2023-09-24,868.34,1433777.0,11211.0,219.0,36808.38,148.09,49919.0,2707.0,65.57,1070401.85,61.75,212819.0,478.0,0.0,36316.0,479.0,17094006.0
2023-09-25,803.94,1207377.0,9047.0,319.0,42997.5,200.08,94016.0,4017.0,128.6,1927919.22,61.36,198912.0,406.0,0.0,45947.0,684.0,18987369.0
2023-09-26,568.22,1102260.0,6438.0,189.0,24203.28,277.29,127849.0,3671.0,137.82,1621524.31,116.94,380335.0,724.0,0.0,35774.0,465.0,12300898.0
2023-09-27,899.5,1514886.0,10883.0,125.0,14324.76,223.16,132459.0,2988.0,91.45,1283099.06,198.91,543607.0,909.0,0.0,34340.0,319.0,7836864.0
2023-09-28,1317.49,2252200.0,11958.0,146.0,18123.48,227.04,123148.0,3048.0,77.99,1296516.45,220.66,593659.0,969.0,0.0,35355.0,320.0,8138602.0
2023-09-29,1482.73,2461030.0,10562.0,126.0,18355.86,219.54,110455.0,3084.0,90.68,1319408.03,224.19,600925.0,976.0,0.0,33918.0,270.0,8245940.0
2023-09-30,1576.06,2469665.0,12317.0,150.0,16971.12,202.26,110697.0,2469.0,98.95,1112672.27,316.27,796567.0,2830.0,182.0,37015.0,310.0,8756204.0
2023-10-01,1366.26,2611656.0,12908.0,380.0,60093.24,191.5,74038.0,3254.0,129.46,1767806.16,326.28,938699.0,5400.0,995.0,58881.0,841.0,28774637.0
2023-10-02,3196.37,2507231.0,26708.0,2323.0,391717.68,662.77,108290.0,10041.0,767.97,8812645.35,464.1,971815.0,5199.0,785.0,167191.0,5505.0,189742957.0
2023-10-03,3191.36,2200753.0,20862.0,1528.0,232923.54,1006.95,197613.0,7330.0,359.34,4881613.81,792.27,1665688.0,6377.0,827.0,114595.0,3552.0,120327138.0
2023-10-04,3335.99,2174324.0,20391.0,1858.0,279706.5,561.6,106271.0,5966.0,323.03,3832565.56,779.89,1483576.0,4952.0,580.0,94102.0,3736.0,122018655.0
2023-10-05,614.14,764462.0,6044.0,510.0,72298.02,217.0,70192.0,4411.0,188.69,2634658.96,76.02,255902.0,1718.0,24.0,50264.0,1115.0,33509053.0
2023-10-06,657.28,1013785.0,10324.0,280.0,40865.16,220.51,71877.0,3359.0,94.43,1029942.04,203.71,550444.0,4735.0,119.0,45970.0,678.0,20464127.0
2023-10-07,718.08,1105179.0,11600.0,242.0,34572.84,173.99,81482.0,3227.0,96.18,1029301.54,254.46,715574.0,6426.0,158.0,43498.0,547.0,17576224.0
2023-10-08,762.86,1150916.0,13741.0,240.0,33863.88,90.77,36738.0,2479.0,82.61,1000012.18,250.89,769058.0,5105.0,188.0,42024.0,544.0,18493878.0
2023-10-09,681.02,1146139.0,12382.0,357.0,45056.94,240.17,61722.0,4493.0,83.73,829967.56,222.71,724934.0,3882.0,182.0,54435.0,725.0,20992389.0
2023-10-10,224.4,539037.0,2755.0,118.0,13666.02,151.57,49322.0,4170.0,74.15,886893.29,62.32,225709.0,1286.0,1.0,42286.0,317.0,8211110.0
2023-10-11,362.02,555286.0,8393.0,88.0,10777.68,88.88,41932.0,2700.0,43.06,467107.33,19.18,69427.0,1329.0,0.0,42396.0,234.0,5897108.0
2023-10-12,534.24,838997.0,12736.0,171.0,20705.4,355.13,240030.0,2863.0,62.91,825822.03,22.17,74787.0,1457.0,0.0,44603.0,399.0,10709975.0
2023-10-13,559.73,923518.0,9748.0,326.0,24018.9,137.81,90283.0,2852.0,57.72,666415.42,32.47,127352.0,1629.0,0.0,45717.0,778.0,13566223.0
2023-10-14,601.27,956807.0,11052.0,367.0,26150.94,175.51,104012.0,2781.0,38.74,291129.53,46.81,199149.0,1830.0,0.0,53279.0,1073.0,22157564.0
2023-10-15,626.22,1053883.0,12722.0,215.0,27650.34,119.1,80292.0,2717.0,35.41,551241.52,46.04,196218.0,1886.0,0.0,51251.0,474.0,14269910.0
2023-10-16,608.75,991467.0,10977.0,169.0,23254.74,173.48,98485.0,3263.0,50.18,759984.64,46.54,198144.0,1572.0,0.0,43726.0,385.0,11845468.0
2023-10-17,614.2,941274.0,11771.0,150.0,22226.04,146.05,87517.0,2794.0,62.48,852493.29,46.12,192937.0,1503.0,0.0,40047.0,323.0,9850035.0
2023-10-18,681.37,981437.0,10714.0,146.0,20612.76,141.34,91135.0,2715.0,40.81,437814.21,48.47,167316.0,245.0,0.0,36829.0,304.0,9401467.0
2023-10-19,588.81,838816.0,8919.0,135.0,18228.06,142.61,97945.0,2690.0,39.81,737481.38,51.15,138048.0,210.0,0.0,34903.0,285.0,9088335.0
2023-10-20,495.1,712572.0,7470.0,267.0,35395.86,126.4,75428.0,2284.0,73.37,864353.49,49.96,126409.0,191.0,0.0,33585.0,586.0,17362104.0
2023-10-21,612.5,780192.0,8555.0,339.0,42898.26,123.14,78115.0,2436.0,90.0,1187543.8,49.63,128298.0,196.0,0.0,38253.0,740.0,22306264.0
2023-10-22,604.44,771504.0,9865.0,394.0,55010.1,137.76,83247.0,2583.0,66.81,795637.45,47.02,124006.0,190.0,0.0,35615.0,830.0,27170910.0
2023-10-23,380.21,462967.0,7176.0,110.0,17085.78,130.71,73937.0,2822.0,38.5,375535.15,23.5,34372.0,0.0,0.0,33593.0,307.0,9361294.0
2023-10-24,332.82,430251.0,5999.0,82.0,10585.56,112.77,72800.0,2495.0,33.8,456544.9,0.0,0.0,0.0,0.0,30134.0,247.0,7546058.0
2023-10-25,533.78,666337.0,7040.0,93.0,12294.36,122.52,77579.0,2752.0,42.27,452454.71,15.91,13789.0,0.0,0.0,29351.0,360.0,7951731.0
2023-10-26,506.74,547943.0,5398.0,269.0,35227.2,91.64,61481.0,2292.0,55.06,855700.47,22.94,20966.0,0.0,0.0,39229.0,640.0,18280712.0
2023-10-27,494.32,582905.0,6159.0,261.0,32451.9,100.24,55888.0,2220.0,41.83,425841.6,22.3,20565.0,0.0,0.0,36909.0,618.0,20091028.0
2023-10-28,478.47,616023.0,7080.0,188.0,24927.78,130.78,64493.0,2459.0,38.07,216218.67,21.8,21905.0,0.0,0.0,34053.0,460.0,14977783.0
2023-10-29,512.68,679218.0,7558.0,253.0,36774.84,128.16,72701.0,2383.0,30.28,304936.93,21.63,23475.0,0.0,0.0,35452.0,552.0,17644430.0
2023-10-30,457.43,614550.0,6304.0,115.0,19857.9,131.39,77938.0,2396.0,33.28,438929.02,57.69,175719.0,223.0,0.0,31011.0,268.0,8416311.0
2023-10-31,411.05,517943.0,5778.0,96.0,15534.54,141.62,90618.0,5474.0,16.65,154778.79,94.14,310414.0,318.0,0.0,26164.0,258.0,9828757.0
2023-11-01,323.84,459465.0,7055.0,102.0,18046.92,121.51,97635.0,2546.0,34.74,614751.16,108.12,500182.0,1019.0,0.0,27713.0,276.0,11561402.0
2023-11-02,368.56,605223.0,6667.0,125.0,20469.84,237.0,110391.0,3462.0,112.02,731320.69,94.07,365526.0,581.0,0.0,46336.0,355.0,29722249.0
2023-11-03,429.53,800314.0,6511.0,104.0,18255.54,324.98,159681.0,3800.0,236.02,1142151.25,108.05,368203.0,1230.0,227.0,42994.0,269.0,27154893.0
2023-11-04,443.67,921580.0,8878.0,94.0,16379.58,407.18,181213.0,3678.0,98.57,766884.56,121.54,435539.0,1425.0,264.0,39454.0,243.0,24223035.0
2023-11-05,458.7,996250.0,8714.0,99.0,16833.96,384.9,201098.0,4353.0,194.58,1108188.96,118.41,457664.0,1434.0,286.0,39428.0,251.0,22803252.0
2023-11-06,411.77,957469.0,4728.0,103.0,17639.22,418.04,214511.0,4602.0,194.92,1479653.42,116.44,425441.0,1208.0,183.0,39872.0,265.0,16892420.0
2023-11-07,315.43,673958.0,5245.0,111.0,17483.52,383.35,157950.0,4577.0,227.86,1768547.99,58.36,207131.0,841.0,165.0,39877.0,331.0,17366325.0
2023-11-08,441.38,749986.0,8063.0,145.0,22538.64,387.93,143838.0,4215.0,210.28,1949774.69,102.6,367285.0,1180.0,159.0,37556.0,317.0,16787712.0
2023-11-09,368.74,617065.0,6730.0,128.0,21239.64,385.48,146387.0,4482.0,153.39,2101965.19,98.16,347281.0,1178.0,139.0,37737.0,359.0,18675101.0
2023-11-10,698.49,1095253.0,7941.0,306.0,45185.28,292.5,115005.0,3631.0,225.35,2863935.99,79.32,302962.0,1186.0,103.0,38964.0,749.0,30641711.0
2023-11-11,530.37,1162897.0,7311.0,296.0,39808.02,314.06,112002.0,3798.0,203.14,1724200.07,72.34,283138.0,1132.0,93.0,33525.0,731.0,30565557.0
2023-11-12,345.44,621274.0,8028.0,307.0,44886.84,345.64,125047.0,4486.0,258.77,2711996.56,41.23,164523.0,790.0,58.0,34471.0,851.0,33915034.0
2023-11-13,474.73,712195.0,9047.0,149.0,21203.58,438.69,135392.0,4868.0,229.72,1495814.28,171.6,608077.0,2059.0,116.0,42543.0,461.0,16646466.0
2023-11-14,326.56,490301.0,6951.0,112.0,17880.48,378.69,168318.0,5764.0,362.86,1861436.34,99.73,368843.0,1209.0,80.0,34103.0,344.0,12950374.0
2023-11-15,404.56,516205.0,5876.0,106.0,17192.52,385.58,195163.0,5884.0,400.65,1364235.51,54.36,216078.0,791.0,96.0,31442.0,138.0,11564083.0
2023-11-16,422.69,591214.0,6119.0,100.0,16772.34,212.93,139455.0,4191.0,371.97,512322.61,31.03,110392.0,224.0,2.0,3688.0,10.0,14756390.0
2023-11-17,498.97,655780.0,6215.0,164.0,26089.5,204.39,143457.0,3859.0,402.64,638809.97,45.6,133695.0,269.0,1.0,3145.0,6.0,14089060.0
2023-11-18,444.08,634609.0,6448.0,269.0,41855.82,195.89,144032.0,3925.0,394.78,233333.02,45.28,139366.0,278.0,1.0,5339.0,0.0,23897726.0
2023-11-19,465.97,721115.0,7279.0,174.0,28511.52,238.29,164823.0,4431.0,418.53,598733.63,36.76,142415.0,308.0,0.0,3836.0,0.0,21519766.0
2023-11-20,438.24,684999.0,7352.0,135.0,22970.1,234.22,154661.0,3778.0,411.82,1533256.27,31.27,166980.0,354.0,0.0,23472.0,336.0,14684560.0
2023-11-21,536.12,962715.0,7772.0,96.0,15007.56,193.52,146996.0,3701.0,381.34,1083293.68,70.37,299041.0,707.0,0.0,39942.0,274.0,9723479.0
2023-11-22,1148.27,2119424.0,14314.0,257.0,29382.48,170.66,79941.0,5199.0,779.94,3316748.19,214.87,618895.0,1473.0,0.0,183423.0,493.0,19474859.0
2023-11-23,819.6,1226173.0,15208.0,438.0,37316.04,176.41,78491.0,5569.0,920.24,2890609.05,216.29,548676.0,1166.0,0.0,146723.0,577.0,22892962.0
2023-11-24,985.81,634938.0,14290.0,1205.0,105034.92,251.78,101142.0,8117.0,1063.34,7167583.67,198.17,490495.0,2146.0,146.0,97423.0,1526.0,55366737.0
2023-11-25,884.43,657196.0,12689.0,807.0,59808.3,377.89,202174.0,6015.0,629.31,4133150.95,207.15,441529.0,1838.0,103.0,58073.0,853.0,34121790.0
2023-11-26,964.53,717301.0,15283.0,1084.0,88307.58,445.03,195080.0,6748.0,602.47,4086495.93,223.24,579724.0,2412.0,146.0,54390.0,1047.0,42090964.0
2023-11-27,781.78,661755.0,12861.0,835.0,64810.08,656.43,226123.0,6798.0,602.82,4415514.86,0.0,3208.0,2.0,2.0,45884.0,907.0,31576037.0
2023-11-28,277.84,388370.0,1417.0,355.0,28300.68,147.58,109951.0,2175.0,222.29,1287348.44,0.0,0.0,0.0,0.0,29425.0,429.0,15077146.0
2023-11-29,563.58,614519.0,6539.0,440.0,32875.02,82.82,126074.0,1839.0,247.81,698163.62,9673.0,62071.0,134.0,0.0,40457.0,572.0,20089829.0
2023-11-30,772.5,655277.0,10297.0,1808.0,122041.86,199.29,195608.0,7016.0,1764.56,3032584.76,25738.0,135773.0,302.0,0.0,153938.0,2521.0,84417304.0
2023-12-01,516.1,514080.0,11804.0,1055.0,74864.64,260.15,208905.0,6938.0,1168.05,3354684.69,47813.0,114568.0,233.0,0.0,74676.0,1375.0,55394468.0
2023-12-02,444.77,541396.0,12001.0,224.0,16859.34,306.72,289078.0,5821.0,687.9,877285.72,56433.0,121772.0,258.0,0.0,39560.0,270.0,14091116.0
2023-12-03,485.2,631635.0,14597.0,328.0,28734.9,324.31,302844.0,6067.0,637.67,1104023.98,55746.0,122190.0,275.0,0.0,39210.0,327.0,17021336.0
2023-12-04,440.35,613496.0,13537.0,361.0,28172.22,311.94,298337.0,5967.0,615.64,1276991.66,60461.0,144470.0,325.0,0.0,41133.0,356.0,17384614.0
2023-12-05,669.03,722526.0,15826.0,1188.0,92279.76,245.03,201704.0,4463.0,452.41,3043891.37,51284.0,136384.0,410.0,0.0,54421.0,1174.0,45471099.0
2023-12-06,504.64,524707.0,9262.0,2176.0,139200.12,105.74,130111.0,1247.0,47.41,281790.03,23262.0,65714.0,202.0,0.0,87556.0,2391.0,76569717.0
2023-12-07,362.75,395237.0,8897.0,1035.0,61075.5,256.93,104459.0,3205.0,215.27,876587.02,41928.0,67558.0,136.0,0.0,55367.0,1244.0,39613539.0
2023-12-08,401.09,455513.0,10332.0,193.0,14436.18,356.99,121656.0,3897.0,208.66,734286.56,57268.0,86178.0,121.0,0.0,38895.0,272.0,10588988.0
2023-12-09,369.43,475790.0,9556.0,247.0,23401.26,317.46,152844.0,4753.0,198.33,727093.59,57592.0,97366.0,146.0,0.0,35048.0,271.0,13354083.0
2023-12-10,416.6,558032.0,10411.0,339.0,25412.64,253.24,146235.0,4263.0,231.21,1266911.46,54757.0,97956.0,147.0,0.0,36939.0,379.0,15047458.0
2023-12-11,614.0,685965.0,10235.0,647.0,52692.78,234.88,128433.0,3774.0,224.83,1630487.82,19521.0,52457.0,154.0,0.0,45751.0,626.0,24634214.0
2023-12-12,706.91,682251.0,9246.0,749.0,55104.0,215.29,106242.0,3195.0,202.35,1244937.44,18213.0,50048.0,138.0,0.0,43345.0,741.0,25871928.0
2023-12-13,431.32,441715.0,8554.0,541.0,38161.92,335.32,215619.0,4003.0,407.07,2210477.54,0.0,0.0,0.0,0.0,41115.0,593.0,22176833.0
2023-12-14,642.2,631569.0,11346.0,532.0,39574.32,520.57,272430.0,5870.0,438.62,940172.36,0.0,0.0,0.0,0.0,50268.0,588.0,21945725.0
2023-12-15,988.19,908996.0,13074.0,735.0,59314.14,473.36,155957.0,5144.0,512.91,1669980.49,15392.0,42013.0,91.0,0.0,50433.0,743.0,28212507.0
2023-12-16,588.06,569907.0,10156.0,547.0,45961.92,322.1,111301.0,4214.0,332.89,1090286.89,73823.0,94695.0,119.0,0.0,38314.0,575.0,23915629.0
2023-12-17,600.83,639136.0,11174.0,524.0,44911.98,301.3,107608.0,3938.0,310.88,1102136.11,81319.0,127436.0,128.0,0.0,36614.0,562.0,25203331.0
2023-12-18,775.76,846968.0,11389.0,475.0,37829.76,295.43,115481.0,4081.0,295.16,1036597.25,75062.0,113089.0,121.0,0.0,45001.0,511.0,18252113.0
2023-12-19,691.52,1086322.0,10564.0,656.0,47458.62,365.74,141354.0,4417.0,341.66,1423078.57,66233.0,97636.0,185.0,0.0,46850.0,797.0,27804932.0
2023-12-20,880.36,1508001.0,10692.0,556.0,44283.36,401.3,153914.0,4318.0,304.7,1113057.56,109566.0,157905.0,315.0,0.0,44692.0,642.0,23335852.0
2023-12-21,957.06,1583797.0,10932.0,484.0,36487.98,389.01,151141.0,4231.0,311.88,1049678.51,104406.0,161874.0,310.0,0.0,40730.0,511.0,18635624.0
2023-12-22,733.97,1229946.0,9590.0,376.0,27319.68,371.16,127710.0,4580.0,252.27,693598.89,105089.0,162807.0,283.0,0.0,35208.0,378.0,13240995.0
2023-12-23,708.42,1146064.0,8363.0,229.0,15765.6,369.97,150775.0,4273.0,281.73,692078.24,100209.0,164840.0,319.0,0.0,27104.0,261.0,8846667.0
2023-12-24,540.03,1046204.0,4007.0,258.0,18867.48,303.19,119273.0,3446.0,211.02,870433.31,37487.0,91407.0,294.0,0.0,25772.0,268.0,9991649.0
2023-12-25,264.45,500289.0,3697.0,309.0,19849.5,388.13,155553.0,4537.0,326.97,1185197.49,13355.0,36936.0,134.0,0.0,27260.0,352.0,12962770.0
2023-12-26,222.99,412807.0,5024.0,182.0,11318.88,351.65,182882.0,4810.0,281.02,885135.73,26152.0,74122.0,219.0,0.0,41431.0,257.0,7803955.0
2023-12-27,336.1,563219.0,7615.0,328.0,18512.04,364.51,197203.0,4721.0,304.66,840152.64,39544.0,106221.0,330.0,0.0,46256.0,425.0,12634755.0
2023-12-28,362.61,550055.0,6663.0,362.0,22434.6,337.65,183526.0,4869.0,299.7,844724.89,36011.0,89594.0,244.0,0.0,41210.0,410.0,13002567.0
2023-12-29,414.15,607387.0,8202.0,445.0,23695.98,352.39,140068.0,3838.0,295.61,1065568.8,85389.0,217801.0,374.0,0.0,38139.0,465.0,15234985.0
2023-12-30,439.44,671259.0,10822.0,464.0,28731.72,318.54,132115.0,3328.0,259.54,598082.42,89409.0,269158.0,385.0,0.0,36247.0,428.0,16949693.0
2023-12-31,327.3,490345.0,6882.0,290.0,24347.1,233.04,102180.0,2313.0,181.91,868462.84,52495.0,125595.0,0.0,0.0,24443.0,268.0,11654592.0
2024-01-01,290.11,578738.0,8729.0,294.0,20098.56,138.54,69838.0,2047.0,28.24,556858.56,56986.0,196441.0,0.0,0.0,26676.0,263.0,11488088.0
2024-01-02,257.96,417731.0,7653.0,411.0,25894.5,221.02,121005.0,2720.0,35.95,588258.0,48574.0,161622.0,0.0,0.0,37949.0,376.0,14580912.0
2024-01-03,196.45,378630.0,5841.0,298.0,18620.7,203.54,141549.0,2411.0,27.18,488116.82,19024.0,99647.0,312.0,0.0,36565.0,336.0,10683614.0
2024-01-04,337.05,511193.0,10067.0,239.0,14714.52,321.5,168031.0,3726.0,221.84,794549.24,38981.0,162175.0,342.0,0.0,34068.0,288.0,8974757.0
2024-01-05,559.12,805420.0,19995.0,328.0,19571.58,284.13,142472.0,3401.0,198.32,719778.05,58561.0,213969.0,371.0,0.0,33898.0,322.0,10997000.0
2024-01-06,152.17,286011.0,2864.0,261.0,17536.02,196.73,108015.0,2344.0,47.13,1639965.82,58571.0,212403.0,359.0,0.0,23726.0,247.0,10207283.0
2024-01-07,163.28,328131.0,3214.0,235.0,16613.16,246.62,119771.0,2666.0,33.85,657377.54,58586.0,217214.0,367.0,0.0,25817.0,268.0,10742568.0
2024-01-08,295.87,482086.0,6307.0,295.0,20309.7,306.05,117788.0,2832.0,51.55,912111.38,58635.0,217251.0,365.0,0.0,30028.0,296.0,11082057.0
2024-01-09,398.84,601931.0,11063.0,223.0,14449.02,241.94,98152.0,2270.0,34.74,736558.51,55208.0,166093.0,351.0,0.0,30761.0,235.0,8238420.0
2024-01-10,1008.54,1378662.0,15696.0,581.0,37800.18,208.45,97143.0,2091.0,45.54,807455.42,0.0,0.0,0.0,0.0,39155.0,513.0,17708415.0
2024-01-11,526.59,576362.0,13433.0,594.0,37049.88,152.58,92649.0,1569.0,24.84,353038.07,18989.0,28287.0,0.0,0.0,41822.0,504.0,16334629.0
2024-01-12,495.76,605661.0,11147.0,308.0,19250.22,90.86,73585.0,1244.0,16.09,188406.34,67259.0,148251.0,190.0,0.0,31928.0,296.0,10677913.0
2024-01-13,527.2,800319.0,13768.0,251.0,17702.82,108.67,67037.0,1363.0,110.24,431787.12,81550.0,218766.0,391.0,0.0,28510.0,216.0,8053096.0
2024-01-14,553.91,842997.0,15508.0,239.0,16203.06,104.6,59109.0,1663.0,171.41,308826.09,77254.0,214956.0,388.0,0.0,29560.0,212.0,7763206.0
2024-01-15,389.6,660871.0,11382.0,314.0,22273.38,124.11,71868.0,1731.0,188.76,337519.64,28092.0,117322.0,340.0,0.0,29381.0,275.0,9783360.0
2024-01-16,366.95,675315.0,10335.0,221.0,11662.26,105.72,66817.0,1820.0,217.91,444675.24,27886.0,110581.0,357.0,0.0,28333.0,201.0,6960349.0
2024-01-17,324.05,622476.0,9535.0,185.0,10591.08,101.1,71511.0,1857.0,207.77,781645.27,57762.0,150133.0,320.0,0.0,25910.0,182.0,6153775.0
2024-01-18,321.42,517626.0,8218.0,216.0,12633.9,104.43,70471.0,1974.0,246.0,309145.14,66725.0,162023.0,231.0,0.0,28515.0,239.0,7140619.0
2024-01-19,417.95,645403.0,10444.0,203.0,13226.22,120.58,75900.0,2255.0,325.79,1048810.47,48722.0,92391.0,0.0,0.0,28525.0,187.0,5835466.0
2024-01-20,418.74,691992.0,9975.0,139.0,8875.74,103.76,65407.0,1981.0,309.1,624825.81,46518.0,93830.0,0.0,0.0,23710.0,134.0,4619029.0
2024-01-21,458.61,729675.0,11314.0,177.0,9315.36,120.41,83636.0,2390.0,252.87,468210.1,44251.0,90324.0,0.0,0.0,25405.0,158.0,5548981.0
2024-01-22,416.08,584146.0,10345.0,128.0,8994.66,99.83,58072.0,2252.0,253.66,514555.79,0.0,0.0,0.0,0.0,26721.0,124.0,4870628.0
2024-01-23,425.86,506302.0,10809.0,178.0,13842.72,93.25,56154.0,2185.0,246.05,422099.14,0.0,0.0,0.0,0.0,26338.0,183.0,6924491.0
2024-01-24,465.2,527472.0,10915.0,220.0,15336.24,85.78,44429.0,2327.0,248.32,651170.47,0.0,0.0,0.0,0.0,28520.0,216.0,8080241.0
2024-01-25,420.73,507556.0,9285.0,216.0,16790.64,96.78,52248.0,2027.0,245.56,882795.15,40833.0,108858.0,80.0,0.0,25562.0,210.0,8043796.0
2024-01-26,414.94,536111.0,8498.0,188.0,14396.7,99.27,80137.0,2012.0,200.09,575112.97,65330.0,188653.0,228.0,0.0,23390.0,175.0,7298028.0
2024-01-27,476.7,626426.0,9975.0,147.0,10922.52,105.68,62103.0,1897.0,176.0,716835.07,64913.0,197696.0,192.0,0.0,21187.0,135.0,6423760.0
2024-01-28,504.93,662574.0,10958.0,203.0,15973.02,117.67,66554.0,2066.0,191.59,538962.35,60767.0,175929.0,189.0,0.0,24028.0,155.0,7963636.0
2024-01-29,425.25,531003.0,8446.0,221.0,17528.52,138.52,68033.0,2416.0,204.15,798667.13,17058.0,76013.0,198.0,0.0,26505.0,193.0,8993697.0
2024-01-30,368.59,454444.0,9188.0,175.0,15383.76,150.83,70433.0,2533.0,203.57,1032855.56,16901.0,75707.0,203.0,0.0,27796.0,196.0,8595736.0
2024-01-31,417.84,488202.0,10628.0,327.0,27042.36,134.17,60160.0,2422.0,212.85,915378.59,16684.0,73044.0,219.0,0.0,32598.0,331.0,13803374.0
2024-02-01,367.89,540963.0,11594.0,197.0,16081.56,154.95,59464.0,2536.0,205.44,925651.73,36835.0,107090.0,204.0,0.0,31667.0,193.0,8042519.0
2024-02-02,352.19,546965.0,10140.0,227.0,15980.7,148.74,68567.0,2521.0,202.21,579590.99,70253.0,153936.0,234.0,0.0,27023.0,195.0,7273778.0
2024-02-03,465.57,762253.0,12481.0,148.0,9676.02,119.82,60992.0,1700.0,133.5,288190.71,66664.0,152727.0,243.0,0.0,22148.0,133.0,4685462.0
2024-02-04,498.4,830974.0,14640.0,151.0,10949.64,197.71,73830.0,2265.0,149.12,359222.68,65366.0,157774.0,207.0,0.0,24292.0,130.0,5668346.0
2024-02-05,408.63,629012.0,11151.0,205.0,12303.66,159.44,60499.0,2183.0,142.81,614013.76,0.0,0.0,0.0,0.0,25241.0,192.0,6839145.0
2024-02-06,258.34,470388.0,4242.0,156.0,9976.08,120.86,48876.0,1924.0,18.85,474204.26,0.0,0.0,0.0,0.0,20861.0,142.0,5659721.0
2024-02-07,333.42,531461.0,6870.0,187.0,14354.4,112.01,41183.0,1693.0,22.92,331176.74,0.0,0.0,0.0,0.0,21279.0,176.0,6904866.0
2024-02-08,645.86,969495.0,9971.0,198.0,13923.6,100.56,47356.0,2145.0,26.27,501676.13,17411.0,19026.0,0.0,0.0,25538.0,170.0,6072638.0
2024-02-09,345.22,527928.0,7937.0,286.0,18916.98,84.13,39538.0,1477.0,28.02,571089.97,62214.0,93025.0,97.0,0.0,23237.0,250.0,8157753.0
2024-02-10,332.41,576865.0,7766.0,183.0,12662.94,123.9,36938.0,1622.0,133.57,450532.34,70412.0,118669.0,171.0,0.0,19499.0,167.0,7621094.0
2024-02-11,349.24,604890.0,8294.0,244.0,16193.7,150.52,48122.0,1862.0,122.48,524658.56,69025.0,124476.0,195.0,0.0,21576.0,216.0,9190996.0
2024-02-12,387.33,573656.0,7773.0,410.0,29715.6,163.18,55267.0,2395.0,238.47,3020451.63,20457.0,68482.0,211.0,0.0,33675.0,349.0,14475724.0
2024-02-13,397.48,638185.0,8833.0,324.0,21158.82,153.62,67097.0,1656.0,199.61,524892.18,34081.0,112891.0,340.0,0.0,31070.0,328.0,12466452.0
2024-02-14,394.15,690337.0,7672.0,294.0,19576.68,155.8,67355.0,1727.0,206.57,679439.0,33044.0,102281.0,247.0,0.0,24100.0,234.0,8761350.0
2024-02-15,438.77,817007.0,9174.0,318.0,22962.3,164.12,67406.0,1981.0,105.75,298551.21,97991.0,156376.0,246.0,0.0,29636.0,280.0,11901966.0
2024-02-16,507.67,907274.0,9672.0,329.0,23349.84,174.38,77014.0,1826.0,82.75,442481.03,119486.0,213699.0,411.0,0.0,28097.0,282.0,11030625.0
2024-02-17,572.26,1110705.0,10142.0,366.0,24339.9,162.85,78390.0,1643.0,73.69,464418.14,116525.0,207697.0,397.0,0.0,24634.0,280.0,9671179.0
2024-02-18,596.7,1117701.0,10882.0,578.0,39732.24,186.08,78050.0,1823.0,83.17,685740.58,113847.0,209804.0,460.0,0.0,26453.0,451.0,16545174.0
2024-02-19,638.79,1186518.0,9620.0,175.0,11016.18,186.05,81359.0,1882.0,139.82,602396.38,57330.0,176620.0,405.0,0.0,27461.0,169.0,5846577.0
2024-02-20,561.56,1032383.0,9154.0,266.0,19196.22,176.91,87284.0,1950.0,101.11,707844.73,58732.0,181521.0,258.0,0.0,29391.0,243.0,8562088.0
2024-02-21,492.53,930148.0,7753.0,276.0,19754.7,211.1,108709.0,2051.0,89.39,485028.01,74911.0,235711.0,329.0,0.0,34046.0,284.0,8843625.0
2024-02-22,407.8,752019.0,9025.0,220.0,17302.08,259.7,124567.0,2267.0,161.77,529860.35,92919.0,247866.0,235.0,0.0,34067.0,252.0,8170622.0
2024-02-23,396.55,665993.0,9692.0,182.0,12909.54,244.23,137642.0,3066.0,216.89,1026022.99,117097.0,219324.0,146.0,0.0,26990.0,192.0,6374626.0
2024-02-24,429.24,818565.0,10468.0,148.0,9915.54,261.74,112320.0,3119.0,105.51,927261.06,113962.0,212758.0,142.0,0.0,26632.0,125.0,4928765.0
2024-02-25,458.72,894321.0,12380.0,173.0,12727.5,274.59,112760.0,3267.0,135.15,1049883.15,108904.0,209854.0,127.0,0.0,29941.0,143.0,6204216.0
2024-02-26,421.43,742386.0,10324.0,217.0,15199.86,230.48,97932.0,4279.0,205.17,3042617.7,41892.0,127934.0,0.0,0.0,39128.0,210.0,7927336.0
2024-02-27,414.44,632967.0,10677.0,221.0,13326.06,202.53,85266.0,4561.0,187.3,2095224.68,38762.0,107519.0,178.0,25.0,38528.0,251.0,8266616.0
2024-02-28,554.74,728700.0,11910.0,548.0,37196.28,293.67,85413.0,5413.0,240.14,3204945.18,39590.0,80272.0,0.0,1.0,49899.0,491.0,16284399.0
2024-02-29,583.59,721851.0,11232.0,531.0,35223.66,305.22,84545.0,5934.0,253.19,2593356.74,70713.0,125862.0,138.0,24.0,56323.0,500.0,17697402.0
2024-03-01,548.57,772947.0,11682.0,454.0,33260.58,271.37,86754.0,6111.0,192.37,3145398.85,63369.0,112686.0,374.0,22.0,47227.0,410.0,15923652.0
2024-03-02,646.88,907580.0,13464.0,385.0,23635.74,305.38,97258.0,5904.0,234.4,3052791.47,62735.0,96497.0,308.0,15.0,36120.0,328.0,12368953.0
2024-03-03,645.9,870453.0,13484.0,437.0,30125.4,308.52,100296.0,5631.0,230.11,2788862.7,59545.0,83153.0,282.0,20.0,37676.0,358.0,13570167.0
2024-03-04,653.81,984008.0,12264.0,442.0,28822.92,396.9,108229.0,6404.0,250.04,3138989.58,34173.0,91445.0,260.0,19.0,36603.0,392.0,12969698.0
2024-03-05,519.44,795546.0,9842.0,403.0,26496.42,407.72,104373.0,6581.0,250.91,3168302.88,41803.0,120425.0,298.0,19.0,34003.0,355.0,13515862.0
2024-03-06,416.01,638761.0,6974.0,337.0,21932.34,375.37,85035.0,6337.0,193.96,3484190.76,60113.0,132417.0,145.0,23.0,30135.0,316.0,10413064.0
2024-03-07,496.22,655361.0,9054.0,404.0,26959.62,365.66,79724.0,6634.0,214.75,3860888.38,90877.0,158138.0,101.0,74.0,40613.0,390.0,13555555.0
2024-03-08,528.49,638444.0,7480.0,1692.0,69310.2,363.21,79413.0,7215.0,307.59,5052032.27,88326.0,169965.0,112.0,62.0,83825.0,1608.0,34880996.0
2024-03-09,491.59,752812.0,11602.0,293.0,19627.26,401.98,101460.0,5873.0,242.31,2481432.96,87037.0,179827.0,144.0,28.0,41147.0,302.0,11288996.0
2024-03-10,542.41,879527.0,12959.0,330.0,22215.3,352.89,91115.0,5381.0,249.2,2446795.53,70278.0,164764.0,178.0,41.0,32148.0,271.0,9943808.0
2024-03-11,513.03,793807.0,11002.0,300.0,19583.46,363.12,88983.0,5315.0,259.87,2019903.09,52792.0,152059.0,440.0,26.0,32515.0,248.0,8112499.0
2024-03-12,468.33,688854.0,10945.0,213.0,16751.94,188.18,71216.0,4505.0,158.02,1952503.7,121228.0,262093.0,1190.0,54.0,31093.0,224.0,8351918.0
2024-03-13,492.82,683244.0,10745.0,314.0,20845.8,189.43,62437.0,4398.0,198.94,2445398.14,178959.0,329698.0,1344.0,66.0,29612.0,261.0,9071714.0
2024-03-14,566.42,696153.0,9722.0,476.0,32286.12,180.91,72781.0,5347.0,227.29,2177292.39,183833.0,345065.0,1223.0,76.0,42301.0,398.0,12974432.0
2024-03-15,582.52,652811.0,10006.0,432.0,27088.62,194.39,80040.0,5725.0,321.64,3284063.05,341655.0,598471.0,1367.0,57.0,36777.0,414.0,14031888.0
2024-03-16,587.38,727056.0,11733.0,419.0,28549.5,217.37,94539.0,5076.0,305.93,2554665.42,100610.0,184191.0,650.0,52.0,34276.0,382.0,12623217.0
2024-03-17,615.14,811942.0,13304.0,435.0,27912.6,284.06,100363.0,5816.0,268.0,2461400.13,101203.0,202968.0,776.0,43.0,33483.0,371.0,12796502.0
2024-03-18,533.23,729433.0,12167.0,375.0,27018.12,226.19,90658.0,4220.0,264.25,2514785.59,98847.0,203283.0,664.0,36.0,34477.0,296.0,10511260.0
2024-03-19,411.71,612657.0,9817.0,296.0,20751.9,228.85,93214.0,3797.0,245.36,1968967.94,99692.0,199657.0,637.0,32.0,28906.0,291.0,10034259.0
2024-03-20,393.98,552341.0,8577.0,377.0,23786.4,224.35,92998.0,4629.0,323.11,3158828.91,144780.0,236373.0,472.0,48.0,34393.0,383.0,12347863.0
2024-03-21,460.75,574632.0,17255.0,264.0,16963.14,227.01,86342.0,4684.0,360.68,2779762.69,114933.0,194098.0,244.0,26.0,38596.0,277.0,9973679.0
2024-03-22,473.61,588921.0,20232.0,318.0,21561.54,175.5,78460.0,3406.0,285.65,2118610.33,86233.0,164033.0,358.0,11.0,30842.0,274.0,9180999.0
2024-03-23,524.68,669127.0,23211.0,254.0,14611.68,178.75,69192.0,2314.0,213.44,654179.08,134301.0,264191.0,982.0,36.0,33564.0,203.0,7562816.0
2024-03-24,550.14,727134.0,24336.0,272.0,19244.76,141.93,51861.0,2318.0,230.95,789594.62,130052.0,271425.0,934.0,27.0,32204.0,232.0,9314416.0
2024-03-25,565.35,778792.0,22380.0,210.0,13424.46,140.15,54946.0,2318.0,225.73,895861.94,107768.0,222857.0,543.0,21.0,29940.0,173.0,7216513.0
2024-03-26,548.07,737723.0,19937.0,231.0,15585.96,118.92,44993.0,1697.0,190.73,466189.42,92157.0,133314.0,263.0,17.0,27531.0,216.0,7819913.0
2024-03-27,536.87,685207.0,19031.0,256.0,15475.14,104.39,41867.0,1544.0,218.46,637647.56,102980.0,192728.0,403.0,51.0,29797.0,226.0,7793026.0
2024-03-28,342.09,320708.0,6149.0,737.0,51669.48,194.77,45441.0,8406.0,500.7,6910796.53,71197.0,128529.0,341.0,50.0,42996.0,685.0,25270724.0
2024-03-29,306.43,360232.0,8264.0,607.0,42988.98,187.93,88648.0,7385.0,596.2,6440321.69,108318.0,207472.0,871.0,99.0,37135.0,600.0,24211643.0
2024-03-30,275.95,349218.0,6593.0,511.0,35044.38,179.69,107997.0,6872.0,477.36,5196286.68,109061.0,281698.0,846.0,98.0,35936.0,515.0,21177677.0
2024-03-31,290.51,412992.0,7451.0,524.0,39221.4,208.68,113573.0,7143.0,511.38,4937042.12,107930.0,251670.0,674.0,77.0,32784.0,501.0,20055721.0
2024-04-01,324.63,571024.0,8857.0,516.0,33972.42,179.46,108873.0,6836.0,553.82,4402743.33,113647.0,319153.0,674.0,82.0,40256.0,486.0,16917628.0
2024-04-02,354.79,642008.0,8858.0,534.0,41004.0,211.39,95859.0,7118.0,498.39,5008995.98,123416.0,310663.0,549.0,87.0,42722.0,533.0,19477160.0
2024-04-03,340.97,556958.0,5828.0,600.0,42419.58,311.7,79979.0,7827.0,479.6,5714296.77,252024.0,709657.0,1748.0,98.0,46353.0,670.0,24844068.0
2024-04-04,302.38,519572.0,5402.0,263.0,17352.18,230.21,78635.0,3163.0,374.15,1399370.06,90518.0,237875.0,4.0,4.0,34498.0,290.0,10506404.0
2024-04-05,350.66,558368.0,7602.0,202.0,15984.48,266.19,109386.0,3153.0,381.16,1766345.82,44403.0,128473.0,4.0,0.0,33770.0,224.0,8467099.0
2024-04-06,202.29,353242.0,7425.0,207.0,16430.22,157.17,22288.0,1807.0,96.41,968884.94,33711.0,84878.0,2.0,0.0,29741.0,219.0,9549010.0
2024-04-07,209.07,390574.0,8002.0,193.0,14608.02,163.47,24462.0,1923.0,72.97,577737.42,34283.0,87456.0,3.0,1.0,30389.0,216.0,9161924.0
2024-04-08,217.0,395097.0,7925.0,197.0,15059.28,112.97,18932.0,1862.0,63.9,624347.12,33522.0,84023.0,0.0,0.0,37095.0,254.0,8701657.0
2024-04-09,216.78,373320.0,7197.0,158.0,11838.9,62.53,17499.0,1517.0,22.36,332254.76,32862.0,76109.0,1.0,0.0,29790.0,222.0,8877649.0
2024-04-10,218.31,355885.0,7948.0,173.0,14403.96,59.52,17911.0,1525.0,20.32,239820.13,29668.0,69572.0,1.0,0.0,35312.0,224.0,9369238.0
2024-04-11,198.65,242158.0,8397.0,219.0,16358.4,68.24,19534.0,1543.0,24.4,432734.69,14533.0,8563.0,0.0,0.0,35999.0,281.0,10537525.0
2024-04-12,224.24,278678.0,8551.0,217.0,17586.66,66.34,22875.0,1629.0,24.07,496606.28,33758.0,20140.0,0.0,0.0,34204.0,313.0,11920817.0
2024-04-13,238.83,302272.0,9362.0,254.0,21823.8,105.55,33630.0,2155.0,157.05,862300.41,12003.0,9235.0,0.0,0.0,33069.0,272.0,13161959.0
2024-04-14,252.81,342157.0,9733.0,304.0,25589.16,115.0,32656.0,2347.0,181.05,771541.46,12369.0,13103.0,0.0,0.0,37932.0,295.0,13513604.0
2024-04-15,288.26,405968.0,7998.0,270.0,24203.28,110.06,30688.0,3172.0,193.97,1609295.55,23627.0,51724.0,0.0,0.0,35948.0,324.0,13818982.0
2024-04-16,275.21,403971.0,7514.0,235.0,18726.18,113.11,30573.0,3045.0,154.21,960940.19,27878.0,96131.0,520.0,0.0,28667.0,270.0,11322619.0
2024-04-17,307.97,449626.0,8024.0,207.0,16122.18,112.04,48646.0,3082.0,279.02,1167918.83,54868.0,143162.0,1269.0,10.0,25809.0,251.0,9977854.0
2024-04-18,419.2,509969.0,7284.0,193.0,16783.26,110.84,47204.0,2675.0,233.72,1151583.84,81189.0,179764.0,1186.0,17.0,27873.0,235.0,10496531.0
2024-04-19,406.61,470814.0,6230.0,232.0,20991.48,94.62,43173.0,2095.0,253.7,1013120.53,93671.0,211198.0,1239.0,17.0,27806.0,245.0,10887272.0
2024-04-20,420.96,521334.0,7135.0,210.0,17658.96,86.52,41308.0,2747.0,254.38,1388076.64,79005.0,196557.0,1305.0,21.0,25528.0,195.0,10144626.0
2024-04-21,403.43,501147.0,7287.0,297.0,28015.32,124.76,46345.0,3383.0,257.07,1360550.35,68127.0,190551.0,1400.0,26.0,28170.0,290.0,13258585.0
2024-04-22,293.66,392307.0,6475.0,242.0,19436.94,133.27,59802.0,3110.0,218.67,1173775.31,66379.0,178033.0,1190.0,22.0,28339.0,292.0,10446848.0
2024-04-23,335.9,392671.0,6485.0,238.0,19761.24,133.25,58575.0,4702.0,248.94,3046525.12,66817.0,165398.0,1067.0,32.0,27692.0,283.0,12010832.0
2024-04-24,333.04,379778.0,6389.0,305.0,23269.44,181.81,65590.0,6530.0,302.08,3316520.72,57779.0,153644.0,822.0,28.0,31981.0,334.0,13738944.0
2024-04-25,260.06,285676.0,5414.0,285.0,23697.42,187.32,69873.0,6133.0,253.44,3712889.85,47358.0,111644.0,552.0,34.0,26307.0,277.0,11424866.0
2024-04-26,328.03,334891.0,5364.0,245.0,17760.36,157.2,48447.0,4688.0,209.57,2789008.91,45960.0,99423.0,374.0,18.0,30672.0,251.0,10622187.0
2024-04-27,334.53,337142.0,5961.0,272.0,23005.8,170.92,79246.0,5185.0,222.4,3281731.77,53570.0,118880.0,359.0,12.0,28087.0,262.0,11894073.0
2024-04-28,343.01,362130.0,6464.0,260.0,21598.2,172.41,73944.0,5258.0,239.66,3807613.0,53454.0,115647.0,368.0,16.0,29215.0,286.0,13619225.0
2024-04-29,486.71,556430.0,8758.0,306.0,27027.96,164.67,74134.0,5306.0,235.89,4169872.1,32198.0,89240.0,313.0,11.0,32849.0,347.0,15297964.0
2024-04-30,642.5,790586.0,10705.0,704.0,57137.82,181.75,84812.0,5399.0,307.42,5075460.67,47151.0,138933.0,710.0,80.0,37359.0,634.0,27081606.0
2024-05-01,523.78,1033549.0,11687.0,1253.0,109794.36,216.36,99543.0,6881.0,512.9,7597409.41,90178.0,248812.0,3019.0,206.0,47264.0,1057.0,50703231.0
2024-05-02,370.9,750761.0,7471.0,477.0,39585.78,219.1,107504.0,5549.0,322.56,4214287.22,88291.0,264318.0,2591.0,95.0,38966.0,441.0,18039309.0
2024-05-03,392.77,577227.0,8024.0,707.0,56187.12,229.12,111541.0,5506.0,355.29,4356710.61,107925.0,266278.0,1923.0,113.0,41022.0,696.0,27575571.0
2024-05-04,391.63,541046.0,7481.0,775.0,60951.84,226.88,110021.0,5258.0,320.35,3774755.35,112924.0,258665.0,1637.0,105.0,36579.0,682.0,27519660.0
2024-05-05,358.84,448176.0,6458.0,1039.0,91174.2,235.51,104656.0,5363.0,323.33,5220211.24,110993.0,262258.0,1133.0,42.0,40332.0,977.0,45405012.0
2024-05-06,351.45,409365.0,8083.0,385.0,33507.3,197.07,63269.0,5099.0,140.49,3865857.31,72097.0,125432.0,607.0,20.0,38069.0,444.0,18550421.0
2024-05-07,436.58,494252.0,15263.0,352.0,27116.64,133.86,51753.0,4962.0,228.91,2910217.82,75100.0,139273.0,1516.0,40.0,40178.0,366.0,16393481.0
2024-05-08,523.63,865229.0,12741.0,326.0,27215.52,103.61,47160.0,5915.0,212.42,2736750.0,55639.0,110164.0,721.0,24.0,35448.0,315.0,13754657.0
2024-05-09,376.41,685160.0,8816.0,358.0,33246.84,103.06,46783.0,6513.0,231.21,3374355.75,16488.0,54433.0,0.0,1.0,37032.0,339.0,15291651.0
2024-05-10,301.48,427126.0,9237.0,216.0,20710.2,82.85,41301.0,5023.0,174.45,2762360.95,25424.0,64493.0,0.0,0.0,29298.0,243.0,10919899.0
2024-05-11,305.87,402023.0,10677.0,224.0,18923.94,61.67,21281.0,4758.0,199.92,1877412.82,26475.0,34913.0,0.0,1.0,28349.0,216.0,10565169.0
2024-05-12,286.31,344573.0,10795.0,255.0,20835.18,100.82,29809.0,5852.0,224.49,2987467.8,25159.0,34912.0,0.0,0.0,29038.0,255.0,12351862.0
2024-05-13,200.56,294121.0,10241.0,228.0,19713.9,139.99,34949.0,7484.0,245.51,3136726.03,13676.0,34171.0,0.0,0.0,32940.0,254.0,10919945.0
2024-05-14,228.22,373659.0,11100.0,265.0,22187.7,125.46,45691.0,7182.0,248.85,2935835.29,14048.0,59977.0,0.0,0.0,31570.0,278.0,11889299.0
2024-05-15,263.28,426457.0,12184.0,204.0,17421.66,132.82,40403.0,7389.0,237.5,3632735.97,14918.0,62904.0,0.0,0.0,34373.0,263.0,11906621.0
2024-05-16,270.8,408154.0,11058.0,251.0,20147.88,124.77,37999.0,7914.0,243.82,2802246.72,15415.0,63306.0,0.0,0.0,37541.0,288.0,11245889.0
2024-05-17,285.23,429203.0,12234.0,246.0,24816.12,166.28,45422.0,8190.0,235.08,3296089.63,26544.0,81352.0,0.0,0.0,33047.0,267.0,11529045.0
2024-05-18,303.98,457701.0,13789.0,248.0,21681.6,184.28,48470.0,4287.0,154.61,1424626.83,40132.0,112956.0,0.0,0.0,32793.0,215.0,9897112.0
2024-05-19,301.5,492299.0,14889.0,274.0,22666.5,195.66,45209.0,5276.0,120.45,1784785.44,39022.0,113573.0,0.0,0.0,36713.0,288.0,12324123.0
2024-05-20,443.15,641003.0,15277.0,296.0,27639.24,170.7,43526.0,5504.0,168.81,1910631.9,25908.0,85317.0,0.0,0.0,39046.0,303.0,13998204.0
2024-05-21,483.29,646032.0,16357.0,307.0,31838.22,154.75,46787.0,5690.0,137.49,1271419.06,14015.0,55613.0,0.0,0.0,37565.0,261.0,13508342.0
2024-05-22,416.4,596952.0,15519.0,266.0,24549.9,159.69,42113.0,5973.0,200.04,1485623.92,14674.0,48526.0,0.0,0.0,36899.0,257.0,11535174.0
2024-05-23,427.32,586746.0,14608.0,216.0,18391.86,141.22,40845.0,4948.0,162.46,1433342.23,29699.0,79494.0,263.0,14.0,32267.0,220.0,10027182.0
2024-05-24,390.37,461110.0,12619.0,200.0,18845.34,107.31,22203.0,3534.0,110.66,1603371.18,56615.0,112761.0,407.0,18.0,29243.0,200.0,8094047.0
2024-05-25,396.41,467505.0,14422.0,208.0,24191.04,117.53,25105.0,4078.0,148.13,1401853.23,66582.0,91355.0,270.0,30.0,28963.0,169.0,9238599.0
2024-05-26,406.93,506455.0,14594.0,241.0,24151.02,201.81,33129.0,5053.0,153.23,1253119.18,59397.0,103573.0,332.0,25.0,31900.0,187.0,8878405.0
2024-05-27,432.75,532317.0,12980.0,212.0,21039.06,137.69,26198.0,4047.0,146.45,1319122.37,41688.0,79360.0,261.0,29.0,31526.0,213.0,9545121.0
2024-05-28,481.23,538884.0,13184.0,236.0,24314.58,138.31,26139.0,3720.0,111.34,614592.27,33057.0,77903.0,256.0,19.0,30781.0,213.0,9068962.0
2024-05-29,545.83,607802.0,16713.0,188.0,18377.34,179.31,33373.0,3622.0,122.51,733366.56,55215.0,64418.0,158.0,25.0,30829.0,184.0,7995402.0
2024-05-30,652.3,1082962.0,14682.0,160.0,15467.1,236.74,49309.0,4043.0,155.76,963502.33,90719.0,142556.0,293.0,15.0,30570.0,187.0,7990512.0
2024-05-31,498.46,1021219.0,9514.0,140.0,13726.14,265.44,133651.0,6752.0,222.58,1852759.41,100731.0,182909.0,401.0,14.0,31733.0,138.0,5999900.0
2024-06-01,205.26,558154.0,6116.0,102.0,9174.36,333.77,213091.0,6046.0,213.43,2411030.32,87559.0,195906.0,508.0,26.0,31159.0,101.0,5738419.0
2024-06-02,280.25,951592.0,6791.0,442.0,38748.66,488.2,232480.0,9701.0,482.71,7927212.89,65977.0,156766.0,432.0,204.0,51326.0,573.0,28380522.0
2024-06-03,2460.19,1598291.0,27571.0,5036.0,438253.2,1814.19,369487.0,29288.0,1079.12,21369512.17,397547.0,325326.0,4224.0,573.0,180825.0,5216.0,212750882.0
2024-06-04,2690.21,1870245.0,42169.0,2698.0,220688.64,723.91,91756.0,10221.0,243.5,5952905.56,597845.0,769932.0,6545.0,504.0,109392.0,2345.0,87738877.0
2024-06-05,2105.44,1322216.0,33113.0,2528.0,205211.7,1418.29,133480.0,16954.0,518.63,12181455.24,466993.0,641269.0,3229.0,338.0,90792.0,2241.0,79344239.0
2024-06-06,685.71,868765.0,20984.0,530.0,36542.94,356.88,35690.0,5765.0,72.06,1740285.67,168843.0,330566.0,2893.0,35.0,49157.0,455.0,13789597.0
2024-06-07,677.49,902917.0,16540.0,474.0,31083.24,317.74,27531.0,4441.0,61.22,1419114.91,263038.0,504957.0,4525.0,93.0,48806.0,414.0,13833914.0
2024-06-08,329.56,680550.0,4970.0,362.0,26639.1,161.05,14241.0,3591.0,70.13,1848759.89,262607.0,540752.0,4935.0,82.0,36553.0,345.0,12597486.0
2024-06-09,232.47,433745.0,3529.0,396.0,29154.66,163.31,14165.0,4315.0,79.81,1847659.34,253339.0,517728.0,5430.0,94.0,41636.0,372.0,13736845.0
2024-06-10,52.66,77255.0,5921.0,152.0,8668.08,172.32,26504.0,5341.0,50.89,1024509.74,0.0,0.0,0.0,3.0,64908.0,226.0,7550597.0
2024-06-11,163.07,235359.0,13600.0,136.0,9920.4,161.47,27668.0,3085.0,24.37,381608.84,0.0,0.0,0.0,0.0,35573.0,183.0,5584943.0
2024-06-12,225.17,277476.0,13009.0,288.0,18515.64,123.63,34621.0,2974.0,131.34,414408.81,0.0,0.0,0.0,2.0,50640.0,334.0,9510513.0
2024-06-13,200.68,272685.0,12877.0,132.0,8910.54,78.24,25494.0,2098.0,116.75,415181.28,36007.0,84588.0,0.0,0.0,34874.0,137.0,4788317.0
2024-06-14,533.52,858173.0,15639.0,148.0,10102.08,65.56,62870.0,1600.0,124.07,376969.61,53491.0,126006.0,0.0,0.0,34854.0,155.0,5106962.0
2024-06-15,386.7,765338.0,17940.0,160.0,9665.64,55.75,32383.0,1290.0,113.5,673681.15,53632.0,120802.0,0.0,1.0,28749.0,131.0,4661918.0
2024-06-16,315.52,488979.0,18759.0,214.0,14235.3,78.21,35251.0,1041.0,127.06,500940.03,51866.0,122901.0,0.0,0.0,47728.0,240.0,7953925.0
2024-06-17,257.06,403939.0,16890.0,198.0,13607.82,80.55,34500.0,1621.0,158.1,414764.05,28421.0,85550.0,0.0,0.0,47464.0,223.0,7638973.0
2024-06-18,254.47,414763.0,13970.0,156.0,10955.34,67.1,36886.0,1284.0,93.07,296286.65,20298.0,59938.0,0.0,0.0,32967.0,176.0,5631557.0
2024-06-19,261.45,425118.0,9952.0,103.0,8060.76,86.51,48442.0,1553.0,154.6,516142.79,37335.0,78428.0,0.0,0.0,25881.0,98.0,3890319.0
2024-06-20,289.88,543988.0,13048.0,181.0,12537.66,105.04,90180.0,1939.0,173.44,588100.52,52482.0,116031.0,0.0,0.0,34309.0,164.0,6274044.0
2024-06-21,375.56,577274.0,13130.0,293.0,17816.28,67.69,50815.0,1819.0,163.38,667304.44,44781.0,90252.0,0.0,0.0,40687.0,278.0,8741641.0
2024-06-22,381.22,571275.0,12372.0,246.0,14979.9,61.37,49983.0,2000.0,140.21,495726.02,44018.0,89045.0,0.0,0.0,38776.0,220.0,7568527.0
2024-06-23,376.15,557450.0,12791.0,301.0,19904.4,99.19,58597.0,2339.0,157.16,833450.62,28711.0,75692.0,0.0,0.0,35574.0,270.0,9069661.0
2024-06-24,240.16,373604.0,10838.0,159.0,13648.32,81.62,54888.0,1954.0,135.32,470810.48,24702.0,71398.0,0.0,0.0,27872.0,146.0,5522520.0
2024-06-25,255.76,395256.0,9254.0,154.0,10874.46,80.53,56168.0,1636.0,146.34,590460.57,38182.0,100231.0,397.0,0.0,32982.0,192.0,6414633.0
2024-06-26,271.32,411625.0,6083.0,135.0,10219.68,160.95,72275.0,2968.0,200.48,952979.92,71643.0,166180.0,896.0,0.0,30267.0,159.0,6122489.0
2024-06-27,396.21,501751.0,9477.0,180.0,13043.7,163.11,77649.0,2513.0,168.22,536340.66,85034.0,193246.0,810.0,0.0,35266.0,188.0,7285711.0
2024-06-28,380.15,471011.0,9987.0,240.0,18710.52,137.75,95308.0,2387.0,130.63,490371.69,126715.0,251443.0,2075.0,20.0,31803.0,207.0,8384736.0
2024-06-29,383.29,482319.0,12256.0,209.0,15921.24,196.07,81045.0,2970.0,156.55,1061853.69,142194.0,330559.0,2676.0,16.0,31200.0,169.0,6763235.0
2024-06-30,390.81,520341.0,14076.0,169.0,11762.7,173.02,75469.0,3244.0,198.82,916922.01,131604.0,345094.0,2661.0,24.0,30341.0,161.0,6158504.0
2024-07-01,309.29,515204.0,13338.0,191.0,14688.9,187.92,82506.0,3476.0,220.07,1180583.41,128963.0,313509.0,2125.0,15.0,30750.0,161.0,7286986.0
2024-07-02,353.27,559416.0,12556.0,196.0,14740.08,205.63,90401.0,3139.0,207.32,619612.95,130432.0,347641.0,2487.0,22.0,33179.0,170.0,6250022.0
2024-07-03,354.6,508705.0,11503.0,378.0,22827.18,185.9,81270.0,2452.0,165.96,773772.17,133303.0,275719.0,1769.0,52.0,57989.0,374.0,11689136.0
2024-07-04,336.77,410440.0,11663.0,471.0,29187.66,109.51,60179.0,1687.0,159.47,796305.12,58793.0,91636.0,300.0,6.0,69922.0,452.0,14827164.0
2024-07-05,297.53,386946.0,12124.0,255.0,18871.38,100.11,92080.0,1171.0,147.53,527354.58,73670.0,156286.0,1770.0,24.0,35106.0,230.0,8445940.0
2024-07-06,273.54,346168.0,11325.0,208.0,12464.16,52.98,10774.0,1662.0,15.32,427902.77,106211.0,272465.0,2838.0,30.0,29212.0,163.0,5747433.0
2024-07-07,314.11,392442.0,12429.0,189.0,14661.06,99.59,15039.0,1956.0,14.37,314727.07,93316.0,262544.0,2613.0,25.0,38260.0,157.0,6145061.0
2024-07-08,331.0,426893.0,12759.0,198.0,13524.66,143.73,17465.0,2861.0,35.11,889171.14,84042.0,267891.0,2703.0,23.0,35315.0,172.0,6038034.0
2024-07-09,340.68,411812.0,12157.0,196.0,14346.12,50.59,7879.0,2056.0,21.57,529162.15,90090.0,220336.0,2990.0,29.0,34838.0,167.0,5683025.0
2024-07-10,322.08,375157.0,11093.0,166.0,12189.42,60.01,9118.0,2317.0,40.65,919163.51,119324.0,241633.0,2279.0,36.0,33154.0,170.0,6221997.0
2024-07-11,332.27,375744.0,11330.0,171.0,13761.42,85.28,11511.0,3020.0,43.85,1107940.89,128359.0,236409.0,1776.0,21.0,37052.0,175.0,6436416.0
2024-07-12,318.81,411569.0,9629.0,185.0,13768.08,113.75,11438.0,3289.0,46.69,1063291.49,139182.0,256872.0,2251.0,39.0,30201.0,183.0,5924810.0
2024-07-13,368.8,495791.0,10870.0,245.0,19358.04,100.94,12535.0,3531.0,48.67,1010562.06,136484.0,319162.0,3082.0,48.0,31368.0,205.0,8468469.0
2024-07-14,400.67,524901.0,12735.0,224.0,16075.98,103.6,14903.0,4567.0,54.11,1481658.48,110929.0,311194.0,3195.0,46.0,38484.0,187.0,7956567.0
2024-07-15,429.44,717238.0,12784.0,230.0,18115.62,112.69,16107.0,5632.0,66.57,1624268.35,72761.0,228172.0,2289.0,37.0,46079.0,191.0,6857227.0
2024-07-16,508.91,890183.0,17046.0,283.0,21244.74,96.29,15909.0,4793.0,52.71,1445103.0,42110.0,106802.0,977.0,32.0,52697.0,232.0,7754949.0
2024-07-17,421.07,732767.0,13516.0,164.0,10081.98,110.68,16924.0,3921.0,53.13,1017074.54,66467.0,150438.0,1067.0,44.0,42856.0,164.0,5008197.0
2024-07-18,430.53,714202.0,11940.0,184.0,13230.66,107.29,25588.0,3733.0,60.15,1166665.72,38174.0,41044.0,0.0,0.0,34455.0,171.0,5428228.0
2024-07-19,468.0,751594.0,13454.0,189.0,14481.54,53.78,30519.0,757.0,60.03,572541.2,87443.0,179945.0,460.0,9.0,35469.0,160.0,6658859.0
2024-07-20,548.81,828994.0,16911.0,213.0,13677.54,60.92,41737.0,747.0,36.91,599992.79,116443.0,258403.0,1613.0,20.0,39471.0,173.0,6858562.0
2024-07-21,607.16,955966.0,19070.0,167.0,13007.76,64.53,42793.0,932.0,33.4,703751.66,106078.0,245936.0,1324.0,31.0,37683.0,157.0,6159869.0
2024-07-22,558.72,880585.0,18694.0,188.0,12617.16,82.19,41505.0,1690.0,55.1,856593.59,75206.0,260119.0,1901.0,29.0,38425.0,167.0,6006020.0
2024-07-23,564.33,834646.0,17517.0,206.0,14615.34,109.07,40038.0,1223.0,38.23,404980.56,71029.0,194949.0,1170.0,25.0,36648.0,167.0,5810027.0
2024-07-24,596.25,882566.0,13044.0,179.0,12676.68,120.45,39853.0,1361.0,50.36,674647.1,90086.0,203973.0,986.0,35.0,35790.0,147.0,5760770.0
2024-07-25,828.99,1059547.0,14210.0,443.0,25299.96,161.28,44841.0,2853.0,72.48,1361355.14,158698.0,407978.0,3068.0,58.0,61281.0,382.0,11879625.0
2024-07-26,762.73,930972.0,13488.0,226.0,16113.48,111.23,43598.0,1649.0,44.28,833355.78,238154.0,635984.0,5041.0,34.0,42551.0,214.0,7914793.0
2024-07-27,850.4,1027938.0,15522.0,215.0,17775.18,95.6,48039.0,1244.0,48.59,1148636.69,356172.0,924669.0,7194.0,60.0,37373.0,143.0,6244488.0
2024-07-28,988.19,1206694.0,17529.0,194.0,15416.4,119.83,51075.0,1786.0,59.31,1080723.56,338938.0,799052.0,5615.0,61.0,38457.0,158.0,6654445.0
2024-07-29,863.44,1103076.0,13705.0,186.0,13531.38,165.18,44394.0,2790.0,73.33,1420279.34,342664.0,781026.0,5077.0,55.0,36683.0,169.0,6207638.0
2024-07-30,772.35,941514.0,12424.0,255.0,19471.8,184.36,42755.0,2880.0,65.52,1360360.61,299898.0,663435.0,4450.0,48.0,36955.0,181.0,7199994.0
2024-07-31,766.29,840150.0,11826.0,226.0,18247.62,141.47,53184.0,2151.0,74.42,1231699.09,213797.0,434249.0,3603.0,57.0,36024.0,198.0,7962096.0
2024-08-01,374.74,381070.0,8060.0,318.0,20308.26,138.86,61931.0,2059.0,81.22,959393.81,136672.0,215989.0,1768.0,42.0,37039.0,259.0,8918236.0
2024-08-02,394.0,418799.0,9843.0,230.0,15559.8,133.09,117761.0,1965.0,98.45,683594.92,188506.0,265119.0,1610.0,30.0,41059.0,214.0,7034296.0
2024-08-03,529.17,599667.0,12133.0,200.0,12978.96,124.53,132863.0,1971.0,95.11,609002.88,194384.0,225994.0,1317.0,34.0,33027.0,156.0,5414223.0
2024-08-04,617.92,688988.0,14354.0,255.0,19314.0,151.49,149451.0,2477.0,102.98,926575.98,188113.0,274997.0,1761.0,31.0,36728.0,197.0,7806474.0
2024-08-05,521.55,602608.0,13601.0,203.0,13507.74,167.18,147800.0,2443.0,104.83,801526.79,142389.0,155482.0,1181.0,27.0,40014.0,176.0,6300183.0
2024-08-06,550.66,580755.0,13675.0,208.0,14802.24,143.23,113293.0,3193.0,116.92,1434108.64,165420.0,216431.0,1221.0,33.0,37854.0,192.0,7282848.0
2024-08-07,578.48,542000.0,13137.0,215.0,15810.6,130.17,102047.0,2862.0,181.06,1341892.19,128341.0,201378.0,812.0,30.0,38723.0,174.0,6299062.0
2024-08-08,555.39,535132.0,12393.0,169.0,13047.24,137.94,95075.0,2520.0,118.69,1027092.16,151739.0,273012.0,1376.0,34.0,39152.0,167.0,5860308.0
2024-08-09,496.47,473925.0,11233.0,163.0,13189.5,126.9,99023.0,2134.0,102.13,794959.22,167115.0,248208.0,1521.0,28.0,34740.0,135.0,4771580.0
2024-08-10,534.19,546218.0,12954.0,139.0,9497.52,104.43,97366.0,1519.0,93.82,796390.51,165531.0,276273.0,1531.0,40.0,35841.0,124.0,4498202.0
2024-08-11,594.23,625184.0,15792.0,156.0,11604.24,86.78,42160.0,1775.0,47.14,704652.04,150621.0,274112.0,1527.0,43.0,39166.0,129.0,5456438.0
2024-08-12,1704.26,1538662.0,29637.0,424.0,33111.6,118.08,11474.0,2210.0,28.11,646734.66,646117.0,1116179.0,8957.0,98.0,65156.0,327.0,13124297.0
2024-08-13,1118.47,925992.0,16230.0,407.0,32551.56,99.89,10521.0,2833.0,55.87,1357326.25,311381.0,563240.0,4544.0,89.0,51592.0,332.0,13564462.0
2024-08-14,1429.71,1833530.0,20936.0,410.0,36535.26,108.3,33828.0,2207.0,102.91,1787907.87,370007.0,769464.0,4951.0,92.0,57509.0,322.0,14217261.0
2024-08-15,363.21,524416.0,2535.0,237.0,19145.22,106.14,73137.0,1919.0,186.95,1298761.57,56438.0,84546.0,0.0,1.0,42895.0,175.0,7814388.0
2024-08-16,149.15,165773.0,1481.0,224.0,17157.18,101.11,73797.0,1566.0,139.42,1241099.7,75076.0,162516.0,0.0,0.0,51317.0,203.0,7786908.0
2024-08-17,95.14,120540.0,654.0,140.0,11023.08,105.76,73683.0,1765.0,172.89,1287855.59,97802.0,225371.0,0.0,0.0,49750.0,168.0,7270246.0
2024-08-18,60.91,90460.0,468.0,202.0,15704.46,158.05,76897.0,2840.0,186.04,1763146.76,62916.0,174765.0,0.0,0.0,60568.0,213.0,8726887.0
2024-08-19,457.97,533537.0,10687.0,120.0,8757.54,157.85,79661.0,2567.0,162.71,1133585.29,45580.0,144239.0,0.0,0.0,74811.0,146.0,5276927.0
2024-08-20,510.26,577912.0,9037.0,148.0,10762.26,154.92,79958.0,2465.0,133.42,1168691.55,43859.0,132308.0,0.0,0.0,93477.0,135.0,4870571.0
2024-08-21,568.33,632492.0,8786.0,155.0,11430.84,157.11,80643.0,2636.0,184.24,1538107.15,82242.0,184304.0,0.0,0.0,184924.0,124.0,4653989.0
2024-08-22,294.89,295721.0,3322.0,62.0,3996.66,156.19,81126.0,3746.0,135.34,1467981.65,97911.0,216771.0,0.0,0.0,0.0,0.0,4553987.0
2024-08-23,0.0,0.0,0.0,0.0,0.0,149.31,79258.0,3065.0,163.63,1469058.99,162432.0,351396.0,1319.0,14.0,0.0,0.0,4293863.0
2024-08-24,0.0,0.0,0.0,0.0,0.0,112.48,79341.0,1807.0,128.6,778714.03,199586.0,404995.0,2179.0,24.0,0.0,0.0,4318685.0
2024-08-25,0.0,0.0,0.0,0.0,0.0,156.0,82122.0,2920.0,154.67,1202247.16,157197.0,284837.0,1522.0,41.0,0.0,0.0,5705744.0
2024-08-26,0.0,0.0,0.0,0.0,0.0,140.04,60104.0,3221.0,74.23,1451986.82,134992.0,319078.0,2328.0,53.0,0.0,0.0,4839733.0
2024-08-27,0.0,0.0,0.0,0.0,0.0,107.14,57172.0,2666.0,85.17,1355066.94,213181.0,452468.0,3438.0,51.0,0.0,0.0,0.0
2024-08-28,0.0,0.0,0.0,0.0,0.0,112.3,56355.0,2910.0,82.6,1211484.53,287272.0,629971.0,4821.0,62.0,0.0,0.0,0.0
2024-08-29,0.0,0.0,0.0,0.0,0.0,246.21,62710.0,5457.0,130.34,2639480.18,284885.0,495906.0,3245.0,79.0,0.0,0.0,0.0
2024-08-30,0.0,0.0,0.0,0.0,0.0,185.28,53946.0,3741.0,150.22,2085375.95,281572.0,440803.0,2771.0,70.0,0.0,0.0,0.0
2024-08-31,0.0,0.0,0.0,0.0,0.0,172.41,58872.0,4119.0,135.61,1966982.57,242537.0,461234.0,3287.0,78.0,0.0,0.0,0.0
2024-09-01,0.0,0.0,0.0,0.0,0.0,101.44,16010.0,4015.0,71.97,1798137.16,0.0,0.0,0.0,4.0,0.0,0.0,0.0
2024-09-02,0.0,0.0,0.0,0.0,0.0,110.72,16997.0,4535.0,93.93,2402726.36,0.0,0.0,0.0,1.0,0.0,0.0,0.0
2024-09-03,0.0,0.0,0.0,0.0,0.0,106.37,17461.0,4224.0,86.49,2215525.6,0.0,0.0,0.0,0.0,0.0,0.0,0.0
2024-09-04,0.0,0.0,0.0,0.0,0.0,114.23,18862.0,4175.0,85.34,2214914.38,34411.0,50062.0,472.0,17.0,0.0,0.0,0.0
2024-09-05,0.0,0.0,0.0,0.0,0.0,105.8,19460.0,4233.0,72.47,1899145.46,80843.0,108579.0,1119.0,46.0,0.0,0.0,0.0
2024-09-06,0.0,0.0,0.0,0.0,0.0,108.88,20021.0,3869.0,62.5,1578558.26,83345.0,100864.0,830.0,30.0,0.0,0.0,0.0
2024-09-07,0.0,0.0,0.0,0.0,0.0,80.47,16050.0,3399.0,51.43,1296847.32,79124.0,104348.0,955.0,35.0,0.0,0.0,0.0
2024-09-08,0.0,0.0,0.0,0.0,0.0,79.0,15284.0,3383.0,66.75,1629362.19,59980.0,100694.0,1028.0,31.0,0.0,0.0,0.0
2024-09-09,0.0,0.0,0.0,0.0,0.0,86.2,22740.0,4008.0,61.2,1333259.27,54959.0,89324.0,802.0,39.0,0.0,0.0,0.0
2024-09-10,0.0,0.0,0.0,0.0,0.0,77.31,20874.0,3847.0,65.07,1769055.7,64966.0,90538.0,761.0,20.0,0.0,0.0,0.0
2024-09-11,0.0,0.0,0.0,0.0,0.0,80.32,19508.0,3664.0,58.76,1364177.99,61278.0,83798.0,565.0,25.0,0.0,0.0,0.0
2024-09-12,0.0,0.0,0.0,0.0,0.0,78.6,16734.0,3404.0,61.01,1398517.49,50286.0,58394.0,298.0,15.0,0.0,0.0,0.0
2024-09-13,0.0,0.0,0.0,0.0,0.0,69.3,14957.0,2754.0,55.37,1363338.96,48198.0,59885.0,320.0,21.0,0.0,0.0,0.0
2024-09-14,0.0,0.0,0.0,0.0,0.0,76.86,18417.0,3557.0,43.16,992837.25,17201.0,17638.0,0.0,0.0,0.0,0.0,0.0
2024-09-15,0.0,0.0,0.0,0.0,0.0,92.25,19772.0,3823.0,69.39,2128936.25,15310.0,17763.0,0.0,0.0,0.0,0.0,0.0
2024-09-16,0.0,0.0,0.0,0.0,0.0,38.95,7689.0,1696.0,16.73,498357.58,0.0,0.0,0.0,1.0,0.0,0.0,0.0
2024-09-17,0.0,0.0,0.0,0.0,0.0,25.48,8222.0,1849.0,33.99,932974.45,12836.0,13151.0,0.0,0.0,0.0,0.0,0.0
2024-09-18,0.0,0.0,0.0,0.0,0.0,17.31,5136.0,1169.0,21.07,670984.03,18186.0,17694.0,0.0,0.0,0.0,0.0,0.0
2024-09-19,0.0,0.0,0.0,0.0,0.0,16.98,4769.0,1058.0,19.17,575991.03,17921.0,19544.0,0.0,0.0,0.0,0.0,0.0
2024-09-20,0.0,0.0,0.0,0.0,0.0,24.39,6891.0,1665.0,26.12,598652.31,17778.0,24231.0,0.0,0.0,0.0,0.0,0.0
2024-09-21,0.0,0.0,0.0,0.0,0.0,30.03,8091.0,2064.0,33.67,866944.26,17335.0,25963.0,0.0,0.0,0.0,0.0,0.0
2024-09-22,0.0,0.0,0.0,0.0,0.0,25.87,7473.0,1832.0,36.03,993272.69,15172.0,23665.0,0.0,0.0,0.0,0.0,0.0
2024-09-23,0.0,0.0,0.0,0.0,0.0,61.64,32388.0,2128.0,97.05,1050238.7,0.0,0.0,0.0,0.0,0.0,0.0,0.0
2024-09-24,0.0,0.0,0.0,0.0,0.0,103.81,72933.0,1876.0,174.32,971950.15,28656.0,82419.0,44.0,0.0,0.0,0.0,0.0
2024-09-25,0.0,0.0,0.0,0.0,0.0,155.34,100370.0,3287.0,310.18,2565913.09,119555.0,311395.0,236.0,0.0,0.0,0.0,0.0
2024-09-26,0.0,0.0,0.0,0.0,0.0,250.33,149805.0,2659.0,373.09,2202408.87,209176.0,555323.0,746.0,0.0,0.0,0.0,0.0
2024-09-27,0.0,0.0,0.0,0.0,0.0,271.43,241121.0,2773.0,489.72,2193167.46,271715.0,712643.0,1139.0,1.0,0.0,0.0,0.0
2024-09-28,0.0,0.0,0.0,0.0,0.0,121.84,152847.0,1226.0,193.83,1412033.47,271004.0,696664.0,1079.0,0.0,0.0,0.0,0.0
2024-09-29,0.0,0.0,0.0,0.0,0.0,738.88,377654.0,3157.0,905.45,4576970.89,206711.0,527400.0,1097.0,28.0,0.0,0.0,0.0
2024-09-30,0.0,0.0,0.0,0.0,0.0,467.06,109272.0,10754.0,447.61,11721871.26,537599.0,535165.0,6121.0,504.0,0.0,0.0,0.0
2024-10-01,0.0,0.0,0.0,0.0,0.0,271.15,9106.0,7103.0,343.5,8755335.05,839643.0,863494.0,7643.0,491.0,0.0,0.0,0.0
2024-10-02,0.0,0.0,0.0,0.0,0.0,629.18,76201.0,11285.0,654.21,14872284.63,1565400.0,2057747.0,12913.0,621.0,0.0,0.0,0.0
2024-10-03,0.0,0.0,0.0,0.0,0.0,386.84,172523.0,7766.0,151.47,3856610.79,32499.0,89369.0,467.0,15.0,0.0,0.0,0.0
